Transaction ID,User ID,Product,Price,Quantity,Payment Method
5000,967,Watch,48773,1,Credit Card
5001,306,Laptop,39094,1,COD
5002,801,Laptop,47657,2,Credit Card
5003,218,Watch,17769,2,Debit Card
5004,500,Watch,10349,1,Debit Card
5005,173,Laptop,10861,1,COD
5006,108,Laptop,40836,1,Credit Card
5007,840,Phone,39293,3,Debit Card
5008,843,Laptop,48814,1,Debit Card
5009,511,Phone,11193,4,Credit Card
5010,724,Watch,2479,3,Credit Card
5011,770,Shoes,3072,1,Debit Card
5012,820,Shoes,32785,3,COD
5013,619,Laptop,12599,2,Debit Card
5014,304,Shoes,29164,1,Debit Card
5015,213,Shoes,44720,4,COD
5016,537,Shoes,8216,1,Debit Card
5017,180,Shoes,32393,2,COD
5018,127,Shoes,39241,2,Debit Card
5019,144,Phone,9992,4,COD
5020,305,Watch,30333,1,Credit Card
5021,815,Watch,24114,2,COD
5022,165,Watch,28006,3,COD
5023,531,Laptop,25537,1,Credit Card
5024,642,Phone,3004,4,Credit Card
5025,186,Laptop,2078,4,COD
5026,737,Shoes,26450,1,Debit Card
5027,246,Shoes,48571,1,COD
5028,354,Shoes,44055,2,Debit Card
5029,477,Phone,13437,4,Debit Card
5030,749,Laptop,31655,2,Debit Card
5031,462,Phone,5516,1,UPI
5032,141,Laptop,28258,4,UPI
5033,546,Watch,17529,4,Credit Card
5034,997,Phone,12114,1,Debit Card
5035,310,Shoes,45429,1,Credit Card
5036,203,Phone,36172,3,Credit Card
5037,244,Laptop,13162,4,COD
5038,105,Watch,10033,1,UPI
5039,926,Laptop,47168,2,Credit Card
5040,868,Laptop,21443,1,Debit Card
5041,210,Shoes,2767,1,Credit Card
5042,776,Laptop,26679,2,Debit Card
5043,973,Shoes,25421,4,Credit Card
5044,791,Laptop,19237,4,UPI
5045,639,Shoes,7566,1,UPI
5046,899,Watch,12324,4,UPI
5047,870,Shoes,36108,1,UPI
5048,424,Watch,807,2,COD
5049,394,Laptop,42164,3,Credit Card
5050,205,Shoes,25700,3,COD
5051,247,Phone,25019,3,UPI
5052,374,Phone,11685,4,COD
5053,981,Laptop,49720,4,UPI
5054,345,Shoes,15468,1,COD
5055,235,Laptop,47107,3,COD
5056,968,Shoes,31843,1,UPI
5057,464,Laptop,1682,1,Debit Card
5058,721,Shoes,5859,4,Debit Card
5059,770,Phone,48914,1,UPI
5060,290,Watch,39628,4,Credit Card
5061,879,Phone,37473,1,Credit Card
5062,591,Watch,18372,4,UPI
5063,935,Shoes,42527,3,Debit Card
5064,480,Watch,36897,3,COD
5065,549,Watch,27934,4,COD
5066,283,Watch,4078,4,Debit Card
5067,487,Phone,24416,4,Credit Card
5068,703,Laptop,14454,3,UPI
5069,178,Shoes,32744,4,UPI
5070,901,Watch,6247,1,Debit Card
5071,829,Watch,11055,4,Credit Card
5072,953,Laptop,29615,1,COD
5073,491,Laptop,12695,1,Debit Card
5074,628,Shoes,40930,2,COD
5075,194,Laptop,35494,3,COD
5076,114,Watch,8148,2,Debit Card
5077,899,Laptop,45717,4,Debit Card
5078,365,Shoes,35443,1,UPI
5079,650,Phone,46353,4,COD
5080,915,Phone,35874,1,Credit Card
5081,244,Watch,29715,3,Credit Card
5082,489,Watch,38026,2,Credit Card
5083,518,Shoes,13482,4,Credit Card
5084,785,Watch,43449,4,COD
5085,799,Phone,3157,2,COD
5086,508,Watch,16874,3,UPI
5087,497,Phone,21834,3,UPI
5088,474,Shoes,47892,3,COD
5089,335,Shoes,13895,1,UPI
5090,844,Shoes,49814,2,Debit Card
5091,131,Laptop,19831,3,Credit Card
5092,132,Laptop,42357,4,Credit Card
5093,432,Watch,14572,2,UPI
5094,272,Phone,8980,2,COD
5095,498,Shoes,29727,1,Debit Card
5096,275,Watch,41254,4,Credit Card
5097,194,Phone,31284,4,Credit Card
5098,950,Phone,10796,2,Debit Card
5099,996,Watch,25506,2,COD
5100,235,Watch,6954,4,Credit Card
5101,314,Watch,6324,4,Credit Card
5102,628,Phone,2020,4,COD
5103,164,Shoes,21432,4,UPI
5104,364,Laptop,27284,2,Debit Card
5105,574,Watch,13521,3,Debit Card
5106,144,Shoes,1618,2,UPI
5107,738,Phone,45354,1,COD
5108,777,Watch,40038,1,Debit Card
5109,194,Phone,20903,2,UPI
5110,559,Shoes,47225,1,COD
5111,845,Phone,5440,2,UPI
5112,280,Shoes,46265,4,COD
5113,937,Shoes,47243,4,UPI
5114,822,Watch,23593,3,UPI
5115,800,Watch,13707,2,COD
5116,959,Shoes,3447,4,COD
5117,129,Watch,721,2,Debit Card
5118,316,Watch,47549,2,Debit Card
5119,732,Shoes,48979,2,Credit Card
5120,325,Shoes,44163,2,COD
5121,576,Laptop,28005,1,Credit Card
5122,819,Phone,19918,3,Credit Card
5123,938,Phone,1015,2,Credit Card
5124,647,Phone,28120,3,UPI
5125,979,Phone,34397,4,Credit Card
5126,376,Watch,47036,3,COD
5127,277,Watch,29820,4,UPI
5128,611,Shoes,26591,2,Debit Card
5129,684,Phone,10877,4,UPI
5130,772,Laptop,578,2,COD
5131,310,Phone,44759,2,UPI
5132,113,Phone,26340,4,COD
5133,320,Shoes,19052,4,COD
5134,607,Shoes,26166,2,Debit Card
5135,851,Phone,40383,4,COD
5136,246,Shoes,32905,2,COD
5137,408,Laptop,39876,3,Debit Card
5138,437,Laptop,25037,3,Debit Card
5139,122,Watch,22283,1,COD
5140,926,Laptop,27583,4,Credit Card
5141,472,Shoes,31022,1,UPI
5142,960,Watch,33558,3,Debit Card
5143,360,Shoes,4139,3,COD
5144,182,Laptop,793,1,Debit Card
5145,343,Phone,37587,1,COD
5146,136,Laptop,23408,2,Credit Card
5147,269,Watch,30625,3,Debit Card
5148,376,Watch,1329,1,Credit Card
5149,260,Watch,1462,3,COD
5150,878,Phone,32230,2,Credit Card
5151,643,Shoes,8058,1,UPI
5152,371,Shoes,9502,4,COD
5153,992,Phone,9880,2,UPI
5154,634,Phone,8894,3,Credit Card
5155,170,Shoes,18958,2,COD
5156,493,Laptop,22798,2,Credit Card
5157,163,Laptop,14099,1,Debit Card
5158,706,Watch,27497,4,UPI
5159,370,Laptop,32527,2,Debit Card
5160,806,Watch,15891,2,COD
5161,478,Laptop,2812,2,Debit Card
5162,669,Watch,21412,4,Debit Card
5163,759,Watch,35130,1,UPI
5164,620,Laptop,21561,3,UPI
5165,236,Shoes,29649,3,COD
5166,733,Watch,9809,1,Credit Card
5167,555,Laptop,3874,1,UPI
5168,880,Watch,1570,4,Debit Card
5169,760,Shoes,13554,3,COD
5170,927,Laptop,43060,3,Debit Card
5171,812,Shoes,45137,1,UPI
5172,302,Laptop,5565,3,Debit Card
5173,300,Shoes,40244,4,UPI
5174,772,Laptop,546,1,Debit Card
5175,755,Watch,39995,1,COD
5176,210,Shoes,43583,3,UPI
5177,553,Shoes,15147,3,COD
5178,647,Phone,6930,4,Credit Card
5179,802,Shoes,23667,4,Debit Card
5180,591,Laptop,18240,1,COD
5181,271,Laptop,34847,1,COD
5182,200,Laptop,4559,3,UPI
5183,868,Phone,29657,3,UPI
5184,230,Laptop,44380,3,UPI
5185,998,Laptop,40455,1,Debit Card
5186,597,Laptop,11043,2,Debit Card
5187,805,Laptop,6056,1,Debit Card
5188,785,Laptop,24205,1,Credit Card
5189,827,Shoes,36436,1,Debit Card
5190,355,Shoes,38699,3,UPI
5191,357,Laptop,24424,1,Credit Card
5192,790,Laptop,45847,3,Debit Card
5193,698,Shoes,9548,4,COD
5194,631,Phone,8205,2,Credit Card
5195,666,Shoes,27455,3,Debit Card
5196,804,Laptop,35345,1,Debit Card
5197,177,Shoes,17229,3,UPI
5198,685,Watch,13977,4,Debit Card
5199,997,Watch,7886,2,Debit Card
5200,365,Shoes,42375,2,UPI
5201,420,Phone,6990,4,COD
5202,716,Watch,9606,2,Debit Card
5203,507,Laptop,20828,2,COD
5204,267,Shoes,2660,1,Credit Card
5205,989,Laptop,4876,4,COD
5206,808,Laptop,29053,3,UPI
5207,851,Phone,8438,3,Credit Card
5208,565,Phone,48058,3,COD
5209,191,Watch,24852,1,Credit Card
5210,648,Laptop,735,1,Debit Card
5211,214,Watch,17293,2,Credit Card
5212,965,Laptop,33707,3,Debit Card
5213,187,Phone,32013,4,COD
5214,169,Shoes,46357,1,COD
5215,352,Shoes,26555,4,COD
5216,390,Laptop,47019,4,UPI
5217,130,Watch,32372,4,Credit Card
5218,689,Watch,42629,1,COD
5219,709,Laptop,40918,3,Debit Card
5220,982,Phone,26983,2,Credit Card
5221,903,Shoes,6972,4,Credit Card
5222,129,Laptop,28523,3,Debit Card
5223,869,Phone,47939,4,Credit Card
5224,182,Watch,38215,4,Debit Card
5225,120,Shoes,47690,3,Debit Card
5226,333,Watch,30916,4,UPI
5227,740,Laptop,21926,3,Debit Card
5228,725,Watch,49077,3,Credit Card
5229,306,Watch,9738,2,COD
5230,535,Watch,27764,3,Credit Card
5231,514,Phone,9368,2,Debit Card
5232,908,Laptop,16936,1,Debit Card
5233,174,Laptop,10262,1,UPI
5234,553,Laptop,801,2,Debit Card
5235,435,Phone,41646,3,COD
5236,281,Phone,14074,4,Credit Card
5237,984,Laptop,44684,1,Credit Card
5238,503,Phone,31635,1,Credit Card
5239,530,Laptop,40168,4,Debit Card
5240,254,Shoes,28747,4,Debit Card
5241,861,Watch,23718,3,Credit Card
5242,697,Laptop,36930,4,Credit Card
5243,317,Shoes,13676,1,COD
5244,858,Laptop,28408,1,UPI
5245,669,Laptop,3367,1,Credit Card
5246,329,Phone,3946,3,Debit Card
5247,501,Laptop,10040,1,Credit Card
5248,962,Shoes,29686,2,UPI
5249,213,Watch,42863,1,UPI
5250,292,Shoes,25113,3,Credit Card
5251,512,Phone,6979,4,COD
5252,993,Watch,45035,1,COD
5253,242,Laptop,33985,3,UPI
5254,292,Laptop,5074,1,COD
5255,387,Laptop,8634,1,UPI
5256,273,Shoes,23568,2,Debit Card
5257,745,Watch,34474,4,COD
5258,510,Watch,9100,1,Credit Card
5259,311,Shoes,35837,3,COD
5260,384,Shoes,38192,2,UPI
5261,559,Shoes,8915,1,UPI
5262,647,Phone,1287,3,UPI
5263,596,Laptop,17029,3,UPI
5264,871,Watch,40956,4,COD
5265,635,Laptop,38293,3,UPI
5266,999,Shoes,28485,4,Credit Card
5267,195,Watch,11087,2,COD
5268,102,Laptop,46403,2,COD
5269,666,Shoes,8268,2,Credit Card
5270,778,Watch,38523,1,UPI
5271,502,Shoes,6470,3,UPI
5272,467,Phone,2019,4,COD
5273,292,Watch,48609,3,UPI
5274,480,Shoes,43094,2,COD
5275,475,Laptop,48423,4,COD
5276,649,Shoes,24906,4,Debit Card
5277,101,Laptop,28521,1,Debit Card
5278,514,Phone,41660,2,COD
5279,191,Phone,43740,3,UPI
5280,771,Phone,49528,1,UPI
5281,705,Shoes,43870,2,Debit Card
5282,351,Phone,10621,2,COD
5283,363,Shoes,1432,3,Credit Card
5284,391,Shoes,40839,4,UPI
5285,946,Watch,46951,4,COD
5286,865,Phone,34669,3,UPI
5287,493,Shoes,24747,2,Credit Card
5288,363,Laptop,22668,4,Credit Card
5289,573,Laptop,17556,4,UPI
5290,587,Watch,6601,4,COD
5291,666,Phone,11635,2,Debit Card
5292,515,Shoes,17178,1,Credit Card
5293,202,Watch,29484,3,Credit Card
5294,114,Shoes,18354,4,UPI
5295,616,Shoes,31266,3,Debit Card
5296,718,Watch,46258,2,UPI
5297,825,Laptop,12156,4,Debit Card
5298,302,Shoes,7915,1,Debit Card
5299,936,Watch,22485,4,Credit Card
5300,964,Watch,24481,4,Debit Card
5301,212,Phone,8626,2,Credit Card
5302,821,Laptop,3250,1,Credit Card
5303,480,Watch,29419,1,Debit Card
5304,329,Watch,4200,1,Credit Card
5305,167,Phone,6895,4,COD
5306,819,Laptop,5846,2,COD
5307,117,Shoes,14990,1,COD
5308,571,Laptop,42937,3,UPI
5309,852,Laptop,21873,4,UPI
5310,623,Watch,27195,1,COD
5311,258,Laptop,12801,3,Credit Card
5312,407,Watch,29602,4,COD
5313,161,Laptop,22782,4,Debit Card
5314,440,Laptop,5164,4,Debit Card
5315,280,Watch,47799,1,Debit Card
5316,174,Phone,33100,1,Credit Card
5317,125,Laptop,1206,1,UPI
5318,237,Phone,19269,4,UPI
5319,338,Phone,26963,2,UPI
5320,858,Watch,29272,1,UPI
5321,771,Watch,43935,1,COD
5322,651,Phone,35120,2,Credit Card
5323,717,Watch,13843,4,Credit Card
5324,927,Phone,24079,1,COD
5325,890,Shoes,19068,1,UPI
5326,180,Phone,13480,4,COD
5327,414,Shoes,39868,4,Credit Card
5328,528,Phone,8335,1,Credit Card
5329,608,Phone,38198,1,COD
5330,331,Phone,16660,2,Debit Card
5331,627,Phone,41252,3,COD
5332,707,Shoes,23795,1,Debit Card
5333,433,Phone,13795,2,Debit Card
5334,309,Watch,36267,3,Debit Card
5335,327,Watch,11288,3,Credit Card
5336,285,Laptop,14249,3,UPI
5337,658,Shoes,28065,1,COD
5338,119,Watch,24339,3,COD
5339,401,Laptop,21163,2,Debit Card
5340,192,Shoes,12357,3,UPI
5341,183,Laptop,7563,3,UPI
5342,535,Phone,8551,3,UPI
5343,825,Shoes,35050,3,UPI
5344,213,Phone,18584,4,Credit Card
5345,884,Shoes,14670,3,Credit Card
5346,964,Laptop,25191,2,COD
5347,510,Shoes,702,3,Credit Card
5348,194,Shoes,39239,4,Debit Card
5349,770,Shoes,46589,3,Credit Card
5350,321,Phone,15017,1,Debit Card
5351,214,Shoes,8400,2,COD
5352,946,Laptop,23143,1,Credit Card
5353,838,Shoes,9955,1,Debit Card
5354,876,Watch,23966,3,UPI
5355,285,Shoes,21296,1,COD
5356,181,Laptop,21885,1,UPI
5357,268,Shoes,48858,4,Debit Card
5358,927,Laptop,30947,4,Debit Card
5359,670,Watch,23317,4,UPI
5360,878,Phone,2041,4,Debit Card
5361,362,Shoes,22487,1,UPI
5362,158,Laptop,23179,1,Debit Card
5363,219,Phone,49089,3,Debit Card
5364,685,Shoes,48187,3,Debit Card
5365,794,Watch,5355,3,COD
5366,705,Shoes,24784,4,UPI
5367,261,Shoes,25349,3,UPI
5368,124,Watch,33991,3,Debit Card
5369,502,Phone,37740,3,Credit Card
5370,606,Laptop,35568,3,Credit Card
5371,376,Phone,34875,1,Debit Card
5372,274,Laptop,46072,2,UPI
5373,992,Phone,45812,2,Debit Card
5374,445,Phone,41932,3,COD
5375,489,Watch,7708,1,UPI
5376,944,Phone,49657,4,UPI
5377,861,Laptop,4113,1,Debit Card
5378,341,Shoes,39050,1,Debit Card
5379,529,Laptop,48638,4,COD
5380,179,Phone,4581,3,Debit Card
5381,252,Phone,22370,1,UPI
5382,138,Watch,33388,2,COD
5383,368,Phone,33230,3,Credit Card
5384,997,Laptop,12637,3,Credit Card
5385,105,Watch,23120,4,Credit Card
5386,629,Watch,12668,1,UPI
5387,623,Shoes,17948,2,Credit Card
5388,188,Shoes,48631,1,Debit Card
5389,476,Laptop,39959,1,Debit Card
5390,337,Laptop,5044,3,Credit Card
5391,796,Shoes,46215,2,COD
5392,311,Phone,46737,4,Debit Card
5393,638,Laptop,17114,1,Debit Card
5394,471,Shoes,10815,3,UPI
5395,398,Laptop,45435,4,UPI
5396,925,Phone,3316,2,UPI
5397,315,Watch,24054,3,Credit Card
5398,404,Phone,25571,3,Debit Card
5399,591,Shoes,31554,3,Debit Card
5400,364,Watch,44975,2,Credit Card
5401,622,Phone,26656,1,Credit Card
5402,139,Phone,48343,2,UPI
5403,871,Shoes,41448,2,UPI
5404,936,Shoes,16680,4,Debit Card
5405,450,Laptop,48050,3,UPI
5406,155,Laptop,5646,3,COD
5407,766,Laptop,42261,4,Debit Card
5408,196,Laptop,41016,1,Credit Card
5409,881,Phone,30822,2,Credit Card
5410,304,Watch,30032,1,UPI
5411,593,Laptop,18219,4,Debit Card
5412,282,Phone,11181,2,Credit Card
5413,439,Laptop,3291,3,Credit Card
5414,261,Phone,34836,4,COD
5415,841,Phone,4419,1,UPI
5416,709,Phone,24046,1,COD
5417,804,Watch,17044,4,COD
5418,855,Phone,31868,4,Credit Card
5419,976,Shoes,9822,1,COD
5420,672,Shoes,39887,2,COD
5421,100,Shoes,25079,2,Credit Card
5422,428,Laptop,20743,2,Credit Card
5423,599,Phone,18947,4,Credit Card
5424,380,Laptop,6860,1,COD
5425,254,Phone,12488,1,UPI
5426,105,Watch,34316,1,UPI
5427,513,Shoes,20336,2,Credit Card
5428,291,Laptop,15240,4,Debit Card
5429,118,Phone,1705,3,UPI
5430,411,Laptop,44275,3,UPI
5431,560,Laptop,24994,4,UPI
5432,337,Watch,45608,3,UPI
5433,618,Watch,47733,2,Debit Card
5434,785,Shoes,47260,1,COD
5435,670,Shoes,39698,1,COD
5436,930,Shoes,17451,1,Debit Card
5437,742,Phone,9290,4,COD
5438,762,Shoes,15740,2,COD
5439,993,Phone,29112,4,COD
5440,323,Phone,34499,3,COD
5441,176,Phone,14146,3,UPI
5442,283,Phone,19455,1,UPI
5443,339,Watch,7783,3,COD
5444,745,Phone,30531,2,Debit Card
5445,789,Shoes,46608,3,COD
5446,414,Laptop,24846,3,Credit Card
5447,721,Shoes,33300,4,Credit Card
5448,371,Laptop,27555,4,COD
5449,826,Phone,25742,2,UPI
5450,660,Shoes,47667,4,UPI
5451,671,Shoes,43729,2,UPI
5452,473,Phone,31767,4,COD
5453,451,Shoes,30210,2,UPI
5454,331,Watch,45078,1,UPI
5455,201,Shoes,18394,2,Debit Card
5456,722,Phone,24649,4,COD
5457,886,Laptop,27248,1,UPI
5458,904,Shoes,38291,4,Credit Card
5459,264,Watch,4238,2,UPI
5460,167,Watch,37941,2,Debit Card
5461,109,Laptop,2135,1,Debit Card
5462,222,Laptop,38479,3,Credit Card
5463,275,Shoes,10462,3,UPI
5464,740,Shoes,1488,1,Credit Card
5465,812,Watch,20170,3,Credit Card
5466,590,Shoes,34835,1,Debit Card
5467,949,Shoes,7608,1,COD
5468,420,Laptop,33565,1,COD
5469,288,Shoes,41554,4,UPI
5470,264,Laptop,566,4,Debit Card
5471,489,Shoes,14680,4,Debit Card
5472,497,Watch,7540,1,COD
5473,471,Shoes,23251,3,COD
5474,813,Shoes,32250,2,COD
5475,973,Phone,38395,1,Credit Card
5476,945,Shoes,44336,1,UPI
5477,773,Laptop,31018,1,Credit Card
5478,676,Watch,44055,2,COD
5479,999,Phone,20191,4,Credit Card
5480,450,Watch,47538,1,COD
5481,850,Phone,22275,1,Credit Card
5482,529,Laptop,7992,4,COD
5483,682,Shoes,5587,1,Debit Card
5484,739,Watch,12255,3,Debit Card
5485,603,Laptop,8750,2,COD
5486,542,Phone,30634,4,Credit Card
5487,583,Laptop,4804,1,UPI
5488,935,Laptop,42576,4,UPI
5489,587,Phone,18901,3,COD
5490,471,Laptop,35745,1,UPI
5491,751,Phone,3256,3,UPI
5492,421,Shoes,9441,2,COD
5493,861,Shoes,8130,2,COD
5494,377,Shoes,16736,3,COD
5495,748,Shoes,5830,1,COD
5496,131,Shoes,27789,1,Credit Card
5497,861,Watch,10872,3,COD
5498,915,Phone,8678,1,Debit Card
5499,561,Phone,41939,1,COD
5500,306,Shoes,16934,3,Debit Card
5501,481,Phone,39867,4,Credit Card
5502,950,Shoes,27623,4,UPI
5503,976,Watch,49109,1,Debit Card
5504,550,Phone,7065,2,UPI
5505,326,Shoes,20984,1,Credit Card
5506,198,Shoes,32234,2,COD
5507,568,Watch,1918,2,Debit Card
5508,888,Watch,2195,2,Debit Card
5509,603,Phone,9891,2,UPI
5510,849,Laptop,29598,4,Credit Card
5511,415,Phone,9344,4,Debit Card
5512,285,Phone,13042,2,UPI
5513,389,Laptop,14014,2,Credit Card
5514,196,Laptop,12684,1,Credit Card
5515,357,Phone,7291,2,UPI
5516,810,Phone,15826,4,Debit Card
5517,574,Watch,27282,4,Credit Card
5518,178,Phone,41782,2,Debit Card
5519,245,Shoes,26228,1,Debit Card
5520,260,Shoes,24387,3,Credit Card
5521,515,Phone,42318,4,Debit Card
5522,445,Shoes,16224,1,COD
5523,917,Phone,46756,2,COD
5524,553,Watch,39025,1,Debit Card
5525,909,Shoes,18361,4,COD
5526,688,Laptop,12869,1,Debit Card
5527,212,Watch,15471,2,UPI
5528,138,Phone,19731,4,UPI
5529,693,Phone,34646,2,Debit Card
5530,522,Watch,14439,3,Credit Card
5531,143,Watch,22908,4,UPI
5532,584,Watch,46533,2,Debit Card
5533,209,Phone,7842,4,Debit Card
5534,768,Laptop,38566,3,Credit Card
5535,227,Shoes,38291,2,Credit Card
5536,628,Laptop,21758,3,Debit Card
5537,714,Phone,46388,4,Credit Card
5538,985,Laptop,19157,3,Debit Card
5539,557,Phone,10863,3,Debit Card
5540,214,Laptop,41584,3,UPI
5541,154,Shoes,28782,3,Debit Card
5542,202,Shoes,27465,3,COD
5543,529,Watch,34012,4,Credit Card
5544,858,Laptop,11281,4,Credit Card
5545,774,Laptop,4849,2,Credit Card
5546,190,Phone,38835,1,UPI
5547,807,Laptop,5136,3,UPI
5548,169,Phone,23861,2,UPI
5549,170,Laptop,34249,1,COD
5550,318,Watch,48857,4,COD
5551,482,Laptop,42906,4,UPI
5552,987,Watch,1449,3,Credit Card
5553,758,Watch,27116,2,Debit Card
5554,641,Watch,42237,4,UPI
5555,983,Watch,41758,1,COD
5556,846,Watch,44970,3,COD
5557,389,Shoes,2175,2,COD
5558,450,Watch,34403,1,Debit Card
5559,321,Watch,9872,1,Debit Card
5560,257,Watch,31652,4,Credit Card
5561,147,Watch,4891,3,COD
5562,283,Shoes,9840,2,COD
5563,505,Laptop,46102,2,UPI
5564,170,Laptop,26751,3,Credit Card
5565,116,Shoes,45310,4,COD
5566,883,Laptop,7095,4,UPI
5567,183,Laptop,49664,2,Debit Card
5568,191,Laptop,47726,3,COD
5569,682,Shoes,5794,2,COD
5570,939,Shoes,22344,3,Debit Card
5571,653,Laptop,18581,3,UPI
5572,497,Laptop,10894,3,UPI
5573,929,Laptop,25657,1,UPI
5574,718,Phone,48617,1,Debit Card
5575,356,Watch,5925,3,UPI
5576,146,Shoes,48240,2,UPI
5577,978,Laptop,25102,1,Debit Card
5578,969,Watch,16295,3,Credit Card
5579,933,Phone,44253,4,COD
5580,225,Watch,29456,1,UPI
5581,314,Phone,46571,1,UPI
5582,948,Watch,4398,2,Debit Card
5583,148,Phone,46716,2,COD
5584,871,Shoes,22484,1,UPI
5585,817,Watch,9452,1,Debit Card
5586,800,Shoes,47455,2,Credit Card
5587,608,Phone,38063,1,UPI
5588,116,Laptop,28950,4,Credit Card
5589,869,Watch,26076,2,UPI
5590,965,Phone,33380,1,Credit Card
5591,669,Phone,2536,3,COD
5592,237,Watch,22992,2,Credit Card
5593,628,Phone,45213,1,Debit Card
5594,216,Phone,1345,4,COD
5595,289,Laptop,26694,1,UPI
5596,165,Shoes,10288,2,Debit Card
5597,727,Watch,27699,3,UPI
5598,130,Phone,14192,1,UPI
5599,937,Watch,26005,4,UPI
5600,282,Laptop,8098,1,COD
5601,786,Shoes,16972,4,Credit Card
5602,697,Shoes,7740,2,Credit Card
5603,110,Laptop,12896,1,UPI
5604,286,Laptop,33634,2,UPI
5605,325,Laptop,38964,3,Debit Card
5606,480,Watch,7733,2,Credit Card
5607,270,Phone,40101,1,UPI
5608,138,Watch,7338,3,UPI
5609,646,Phone,25336,1,Credit Card
5610,610,Phone,11613,3,Debit Card
5611,974,Watch,29121,3,Credit Card
5612,630,Watch,31080,3,Debit Card
5613,457,Shoes,47905,2,Debit Card
5614,655,Shoes,33204,3,UPI
5615,483,Phone,8555,2,COD
5616,156,Laptop,31599,3,Debit Card
5617,915,Shoes,15084,3,COD
5618,418,Phone,49322,3,Debit Card
5619,705,Watch,21337,4,UPI
5620,535,Phone,11229,4,COD
5621,636,Phone,13943,2,COD
5622,904,Watch,43326,4,UPI
5623,480,Shoes,37837,3,COD
5624,627,Laptop,22889,1,COD
5625,917,Watch,27195,1,Debit Card
5626,348,Watch,44570,2,Debit Card
5627,740,Shoes,4240,4,Credit Card
5628,467,Shoes,27048,3,Debit Card
5629,106,Shoes,41757,2,Debit Card
5630,894,Watch,47018,3,Credit Card
5631,616,Shoes,41581,3,Credit Card
5632,437,Watch,36535,3,Credit Card
5633,368,Laptop,34033,1,Credit Card
5634,469,Laptop,23759,3,UPI
5635,323,Shoes,47397,1,UPI
5636,931,Watch,31870,2,Debit Card
5637,459,Shoes,33826,3,COD
5638,200,Shoes,7280,3,UPI
5639,198,Watch,37584,4,Credit Card
5640,929,Phone,46398,1,Credit Card
5641,834,Shoes,1595,1,Debit Card
5642,831,Laptop,37719,3,COD
5643,175,Laptop,9443,1,Credit Card
5644,342,Phone,30221,2,Debit Card
5645,802,Laptop,16429,4,COD
5646,663,Shoes,22792,1,UPI
5647,102,Watch,30733,1,Credit Card
5648,324,Phone,22829,3,COD
5649,119,Phone,43217,3,Credit Card
5650,235,Phone,11473,4,Debit Card
5651,432,Laptop,7280,3,COD
5652,294,Shoes,36669,1,COD
5653,540,Shoes,49887,2,COD
5654,860,Phone,7657,2,Debit Card
5655,228,Phone,28938,1,COD
5656,413,Watch,36065,2,Debit Card
5657,463,Phone,15940,1,Debit Card
5658,515,Watch,16572,2,Credit Card
5659,215,Phone,23700,2,UPI
5660,954,Shoes,47499,2,Credit Card
5661,430,Watch,38729,1,Credit Card
5662,164,Watch,16354,2,Credit Card
5663,535,Watch,7237,2,Debit Card
5664,496,Watch,23766,4,UPI
5665,287,Watch,38041,4,UPI
5666,779,Phone,38370,2,COD
5667,994,Shoes,36015,4,COD
5668,252,Laptop,9055,2,Debit Card
5669,995,Watch,8192,1,Debit Card
5670,747,Laptop,27110,1,UPI
5671,168,Laptop,44730,2,COD
5672,309,Laptop,13134,4,UPI
5673,297,Laptop,35070,3,Debit Card
5674,425,Phone,32575,1,Debit Card
5675,339,Phone,5546,1,COD
5676,821,Shoes,9298,1,UPI
5677,376,Laptop,25813,1,Credit Card
5678,975,Phone,19371,2,Debit Card
5679,314,Phone,27918,4,COD
5680,101,Watch,6257,1,Credit Card
5681,814,Watch,47322,2,COD
5682,554,Shoes,7126,4,Debit Card
5683,352,Shoes,1650,4,COD
5684,404,Shoes,40234,4,Credit Card
5685,155,Phone,9368,2,UPI
5686,919,Phone,6102,3,Credit Card
5687,211,Watch,45208,3,UPI
5688,329,Watch,12299,2,UPI
5689,727,Laptop,37344,4,COD
5690,581,Phone,38615,3,Credit Card
5691,139,Laptop,27043,2,Debit Card
5692,602,Laptop,35528,1,UPI
5693,740,Phone,9039,4,Credit Card
5694,782,Shoes,11913,3,Credit Card
5695,827,Shoes,1955,2,UPI
5696,360,Watch,46304,4,COD
5697,162,Laptop,23016,2,Debit Card
5698,373,Shoes,28703,2,Debit Card
5699,406,Phone,44825,1,UPI
5700,803,Laptop,29338,3,COD
5701,478,Phone,38231,1,Credit Card
5702,373,Shoes,9970,1,UPI
5703,591,Watch,4361,3,UPI
5704,864,Laptop,46050,3,Credit Card
5705,685,Laptop,42812,4,COD
5706,357,Laptop,8054,4,UPI
5707,378,Phone,47895,4,UPI
5708,517,Watch,28300,2,UPI
5709,255,Shoes,1734,2,UPI
5710,844,Watch,20779,4,Credit Card
5711,472,Phone,19344,4,Credit Card
5712,950,Laptop,39378,3,Debit Card
5713,385,Phone,23423,1,Debit Card
5714,717,Shoes,41267,2,Credit Card
5715,998,Phone,37031,2,Debit Card
5716,162,Watch,28463,4,Debit Card
5717,607,Watch,33367,1,Credit Card
5718,995,Watch,42159,2,Credit Card
5719,494,Shoes,13666,3,COD
5720,341,Laptop,6770,4,UPI
5721,958,Shoes,27069,3,UPI
5722,153,Laptop,33137,3,UPI
5723,410,Laptop,30163,1,COD
5724,340,Laptop,48135,2,COD
5725,687,Shoes,5117,1,COD
5726,372,Phone,12915,3,Debit Card
5727,550,Shoes,4562,2,Credit Card
5728,594,Phone,2034,3,COD
5729,513,Shoes,49065,3,Credit Card
5730,211,Shoes,42197,1,Debit Card
5731,288,Watch,10471,4,Credit Card
5732,485,Watch,45622,3,UPI
5733,348,Shoes,17227,3,UPI
5734,177,Laptop,25051,3,Debit Card
5735,505,Shoes,7035,4,COD
5736,125,Watch,48535,1,Debit Card
5737,865,Laptop,48485,4,Debit Card
5738,597,Phone,4760,1,Debit Card
5739,351,Phone,47661,1,Credit Card
5740,126,Phone,24569,4,COD
5741,242,Phone,19697,3,UPI
5742,680,Laptop,45919,4,Debit Card
5743,739,Phone,22147,1,COD
5744,643,Shoes,47585,2,UPI
5745,244,Shoes,13281,3,COD
5746,918,Watch,49768,1,COD
5747,938,Watch,31807,3,COD
5748,576,Laptop,11264,3,COD
5749,116,Shoes,12627,1,Credit Card
5750,935,Phone,27799,1,COD
5751,662,Shoes,33427,3,Credit Card
5752,176,Watch,24544,1,Credit Card
5753,153,Phone,10362,1,Debit Card
5754,161,Watch,41238,1,COD
5755,682,Watch,2929,4,UPI
5756,597,Phone,20321,4,Credit Card
5757,149,Phone,5600,4,Credit Card
5758,297,Shoes,11337,3,UPI
5759,376,Laptop,45916,3,Credit Card
5760,618,Laptop,17355,1,COD
5761,121,Phone,18033,1,UPI
5762,450,Laptop,45247,2,Debit Card
5763,241,Shoes,24297,3,COD
5764,468,Shoes,44928,2,Credit Card
5765,448,Laptop,4513,1,UPI
5766,371,Laptop,13367,1,UPI
5767,979,Laptop,37337,4,Credit Card
5768,224,Watch,6750,3,COD
5769,469,Shoes,1003,3,UPI
5770,931,Shoes,30078,3,COD
5771,713,Shoes,35751,4,Credit Card
5772,402,Laptop,3368,4,UPI
5773,503,Shoes,34362,2,Credit Card
5774,711,Watch,25399,4,COD
5775,801,Shoes,10823,4,Debit Card
5776,596,Phone,19333,2,Credit Card
5777,250,Watch,27491,3,Credit Card
5778,288,Phone,41803,1,Credit Card
5779,989,Laptop,18849,2,Credit Card
5780,826,Phone,11561,4,Debit Card
5781,205,Watch,35056,4,UPI
5782,773,Shoes,29657,4,Credit Card
5783,577,Watch,7856,1,Credit Card
5784,562,Phone,14432,1,Credit Card
5785,566,Watch,22551,2,Debit Card
5786,341,Watch,24222,3,Credit Card
5787,240,Laptop,37080,4,UPI
5788,908,Laptop,28313,3,COD
5789,930,Shoes,22522,3,Debit Card
5790,520,Laptop,29387,3,UPI
5791,363,Laptop,47568,2,COD
5792,188,Watch,8949,1,UPI
5793,349,Shoes,30087,2,COD
5794,306,Watch,46829,3,Debit Card
5795,670,Watch,9475,1,Credit Card
5796,391,Phone,24341,1,UPI
5797,366,Phone,37615,2,Credit Card
5798,723,Shoes,12160,2,UPI
5799,258,Watch,20708,3,Debit Card
5800,572,Shoes,26607,1,COD
5801,768,Laptop,33512,3,Debit Card
5802,207,Phone,47652,4,UPI
5803,326,Phone,6649,3,COD
5804,321,Laptop,36477,1,UPI
5805,189,Phone,49700,3,Debit Card
5806,782,Watch,6704,2,COD
5807,220,Phone,17872,2,Debit Card
5808,580,Phone,43222,2,Credit Card
5809,270,Watch,2860,3,Credit Card
5810,703,Watch,33609,4,COD
5811,657,Shoes,14283,4,UPI
5812,660,Shoes,27381,3,UPI
5813,775,Phone,27985,2,Credit Card
5814,509,Watch,11073,4,Credit Card
5815,632,Shoes,18733,1,UPI
5816,578,Watch,34374,3,UPI
5817,522,Shoes,45015,2,Credit Card
5818,557,Watch,44002,4,COD
5819,207,Shoes,40358,2,UPI
5820,284,Phone,15857,3,COD
5821,816,Phone,42580,4,Credit Card
5822,873,Phone,43142,2,Debit Card
5823,420,Phone,43645,2,COD
5824,965,Phone,1247,3,UPI
5825,792,Watch,4144,1,UPI
5826,530,Watch,36129,1,COD
5827,243,Shoes,22155,2,Debit Card
5828,225,Laptop,34649,3,Credit Card
5829,310,Watch,21584,2,Credit Card
5830,116,Watch,45531,4,UPI
5831,487,Laptop,39665,2,Credit Card
5832,761,Phone,18404,3,UPI
5833,551,Laptop,23385,2,Debit Card
5834,166,Laptop,43329,4,Credit Card
5835,704,Phone,38290,2,COD
5836,567,Watch,31756,2,UPI
5837,264,Shoes,24438,4,Credit Card
5838,992,Laptop,15060,4,Credit Card
5839,345,Shoes,17631,2,UPI
5840,744,Laptop,42546,3,Credit Card
5841,389,Shoes,18076,2,UPI
5842,464,Laptop,19480,1,COD
5843,794,Watch,26396,2,COD
5844,597,Watch,44418,3,Credit Card
5845,364,Phone,13397,4,COD
5846,708,Laptop,28663,3,COD
5847,382,Laptop,42647,1,Debit Card
5848,573,Phone,1376,2,Debit Card
5849,942,Laptop,33569,3,UPI
5850,884,Laptop,17805,2,Debit Card
5851,590,Watch,46586,2,Debit Card
5852,122,Shoes,48464,4,COD
5853,679,Shoes,49686,1,COD
5854,904,Phone,20584,4,Credit Card
5855,825,Shoes,28613,3,COD
5856,116,Laptop,28700,4,Debit Card
5857,741,Phone,48380,3,UPI
5858,854,Watch,46928,4,Debit Card
5859,836,Watch,9795,3,Credit Card
5860,959,Shoes,15295,1,Debit Card
5861,397,Shoes,40670,3,COD
5862,707,Watch,31131,3,UPI
5863,429,Watch,35883,4,UPI
5864,515,Watch,31461,1,UPI
5865,314,Shoes,24314,4,UPI
5866,359,Shoes,49125,3,UPI
5867,460,Watch,31970,1,UPI
5868,152,Watch,29192,1,UPI
5869,987,Phone,31694,3,UPI
5870,585,Phone,20078,2,Debit Card
5871,234,Shoes,23030,4,COD
5872,802,Shoes,5455,3,UPI
5873,129,Shoes,45713,2,Credit Card
5874,258,Phone,49562,1,COD
5875,218,Phone,5327,1,Credit Card
5876,257,Laptop,47304,3,UPI
5877,991,Watch,3083,4,UPI
5878,730,Laptop,9194,4,Debit Card
5879,585,Watch,9062,2,Debit Card
5880,654,Phone,20576,2,Debit Card
5881,722,Shoes,9100,4,Debit Card
5882,279,Watch,3516,1,UPI
5883,436,Laptop,41295,2,Debit Card
5884,209,Phone,29792,2,Debit Card
5885,666,Phone,4070,3,Debit Card
5886,747,Watch,44893,3,Debit Card
5887,816,Laptop,43187,4,COD
5888,786,Shoes,40992,2,UPI
5889,618,Watch,23548,1,Debit Card
5890,199,Laptop,10424,2,UPI
5891,685,Watch,16380,4,Credit Card
5892,475,Laptop,25888,3,Debit Card
5893,300,Phone,41594,4,COD
5894,396,Watch,17016,3,Debit Card
5895,442,Laptop,39543,3,Debit Card
5896,337,Watch,42403,3,UPI
5897,844,Shoes,28449,4,COD
5898,619,Phone,9425,3,COD
5899,509,Phone,6536,1,UPI
5900,520,Laptop,25619,3,Debit Card
5901,900,Shoes,39173,2,Debit Card
5902,784,Shoes,27176,3,Credit Card
5903,136,Laptop,23087,4,COD
5904,913,Laptop,14799,4,UPI
5905,876,Shoes,1236,2,UPI
5906,976,Shoes,49148,2,COD
5907,610,Watch,39543,1,Credit Card
5908,372,Laptop,40566,3,UPI
5909,751,Watch,42279,1,Credit Card
5910,187,Watch,16220,1,COD
5911,463,Shoes,29913,1,COD
5912,553,Laptop,16262,4,Debit Card
5913,548,Laptop,42545,2,Debit Card
5914,802,Phone,3261,4,Debit Card
5915,759,Phone,46872,2,UPI
5916,865,Shoes,40872,4,UPI
5917,630,Phone,544,3,Debit Card
5918,790,Watch,23742,2,Debit Card
5919,670,Laptop,34400,3,Credit Card
5920,863,Watch,32515,1,Debit Card
5921,263,Laptop,29510,3,COD
5922,209,Watch,15392,2,Credit Card
5923,995,Laptop,34270,1,UPI
5924,727,Laptop,44408,2,Credit Card
5925,498,Phone,37230,1,Debit Card
5926,630,Watch,18726,1,COD
5927,371,Laptop,25070,2,UPI
5928,291,Laptop,3010,3,Debit Card
5929,194,Phone,2749,3,Debit Card
5930,114,Phone,8420,3,Credit Card
5931,990,Phone,31953,3,UPI
5932,803,Watch,25568,1,Credit Card
5933,196,Shoes,22471,1,Debit Card
5934,255,Watch,25787,4,COD
5935,720,Watch,13661,2,COD
5936,497,Shoes,46950,1,Debit Card
5937,648,Shoes,6235,4,COD
5938,479,Watch,45393,4,Credit Card
5939,234,Phone,17882,2,Debit Card
5940,612,Watch,3941,4,Credit Card
5941,767,Phone,4368,1,UPI
5942,572,Shoes,10318,4,UPI
5943,696,Watch,39955,3,Credit Card
5944,603,Shoes,36010,4,Debit Card
5945,423,Phone,25504,4,COD
5946,251,Shoes,860,1,Debit Card
5947,501,Shoes,5284,3,COD
5948,649,Shoes,46729,2,COD
5949,338,Watch,34013,2,COD
5950,843,Shoes,22129,1,UPI
5951,306,Laptop,9305,3,Credit Card
5952,793,Phone,39361,1,Debit Card
5953,996,Phone,22627,1,COD
5954,143,Watch,33732,2,COD
5955,156,Watch,34776,1,Debit Card
5956,608,Laptop,7161,3,COD
5957,255,Phone,32472,4,COD
5958,253,Watch,43239,1,Credit Card
5959,518,Watch,22359,3,COD
5960,939,Phone,9912,4,UPI
5961,556,Phone,24839,2,COD
5962,270,Watch,29101,1,UPI
5963,747,Laptop,42861,1,UPI
5964,104,Laptop,20567,1,Credit Card
5965,202,Watch,42288,2,Debit Card
5966,286,Watch,5722,3,UPI
5967,908,Phone,25073,3,Credit Card
5968,269,Laptop,7958,3,COD
5969,381,Watch,46146,1,Credit Card
5970,502,Shoes,15802,2,UPI
5971,705,Watch,19850,4,Debit Card
5972,375,Shoes,41784,3,UPI
5973,843,Laptop,25135,3,COD
5974,732,Shoes,8025,3,Debit Card
5975,227,Watch,34484,3,COD
5976,603,Laptop,38688,2,UPI
5977,985,Watch,31646,4,Debit Card
5978,475,Watch,47648,3,COD
5979,142,Laptop,33016,1,UPI
5980,385,Laptop,44308,3,COD
5981,630,Watch,25222,1,COD
5982,456,Shoes,37908,3,Credit Card
5983,356,Watch,2711,1,UPI
5984,908,Watch,3221,4,UPI
5985,839,Shoes,45315,4,Credit Card
5986,688,Phone,41871,4,UPI
5987,893,Watch,27079,4,Credit Card
5988,593,Watch,24708,2,Debit Card
5989,245,Phone,3342,3,Credit Card
5990,131,Shoes,22678,3,UPI
5991,665,Phone,15695,3,Credit Card
5992,600,Laptop,23632,2,Debit Card
5993,263,Watch,9759,3,Debit Card
5994,555,Phone,4444,3,Debit Card
5995,238,Shoes,4651,4,UPI
5996,747,Shoes,17997,4,UPI
5997,209,Shoes,20818,2,UPI
5998,948,Watch,777,4,Debit Card
5999,655,Watch,38147,1,Credit Card
6000,735,Phone,40609,3,Credit Card
6001,229,Shoes,42885,4,COD
6002,582,Watch,38648,4,Debit Card
6003,184,Phone,23534,3,Credit Card
6004,874,Phone,5016,1,Debit Card
6005,116,Phone,39601,1,Credit Card
6006,272,Phone,22354,1,COD
6007,139,Shoes,36190,4,Credit Card
6008,973,Phone,32669,1,UPI
6009,679,Shoes,35651,4,Credit Card
6010,863,Shoes,30527,3,Debit Card
6011,653,Watch,32970,3,UPI
6012,915,Phone,14405,1,Credit Card
6013,585,Watch,6039,2,Credit Card
6014,413,Watch,45758,2,Credit Card
6015,136,Watch,16549,4,Credit Card
6016,130,Shoes,20501,2,UPI
6017,705,Phone,27966,4,UPI
6018,482,Laptop,40756,1,Credit Card
6019,798,Shoes,9248,3,Debit Card
6020,690,Watch,46337,4,COD
6021,137,Laptop,8382,4,Debit Card
6022,972,Laptop,26249,4,COD
6023,590,Watch,4800,4,Debit Card
6024,422,Phone,32278,4,UPI
6025,295,Shoes,33494,2,Credit Card
6026,345,Shoes,9545,1,COD
6027,404,Shoes,20325,1,UPI
6028,807,Shoes,31517,1,COD
6029,660,Shoes,36997,1,UPI
6030,290,Laptop,30849,2,COD
6031,425,Laptop,35203,2,Debit Card
6032,712,Phone,23089,4,UPI
6033,361,Phone,17405,1,COD
6034,720,Laptop,42430,2,COD
6035,507,Shoes,47505,2,Debit Card
6036,716,Phone,36734,1,COD
6037,148,Phone,9566,4,Debit Card
6038,658,Laptop,43831,2,UPI
6039,831,Shoes,47753,1,UPI
6040,215,Shoes,46420,3,COD
6041,590,Shoes,36141,2,COD
6042,636,Phone,47249,1,Credit Card
6043,792,Watch,5332,3,UPI
6044,319,Watch,42645,2,COD
6045,534,Shoes,6062,2,Credit Card
6046,855,Phone,2094,4,Credit Card
6047,649,Phone,42885,4,Debit Card
6048,977,Watch,22350,3,Credit Card
6049,453,Shoes,49323,1,Debit Card
6050,909,Shoes,979,3,COD
6051,586,Shoes,1702,1,Credit Card
6052,409,Laptop,3545,4,Debit Card
6053,516,Laptop,2737,1,Credit Card
6054,852,Phone,8389,1,Debit Card
6055,270,Watch,39202,2,COD
6056,884,Laptop,11896,4,COD
6057,970,Phone,45718,1,Credit Card
6058,153,Phone,8700,3,UPI
6059,618,Shoes,46715,3,Debit Card
6060,958,Watch,39442,3,Debit Card
6061,177,Laptop,31602,2,Debit Card
6062,254,Laptop,45312,4,Credit Card
6063,926,Phone,35572,2,UPI
6064,886,Shoes,6225,1,COD
6065,927,Shoes,30548,3,UPI
6066,578,Shoes,31923,4,UPI
6067,104,Laptop,41845,1,COD
6068,944,Phone,37423,1,UPI
6069,892,Watch,49104,3,COD
6070,469,Laptop,16267,4,UPI
6071,124,Laptop,32555,3,Credit Card
6072,824,Laptop,13296,4,UPI
6073,520,Laptop,17978,2,COD
6074,539,Phone,4991,2,Credit Card
6075,148,Laptop,47207,3,COD
6076,859,Watch,38077,1,Debit Card
6077,775,Shoes,15851,4,Debit Card
6078,329,Laptop,49323,3,COD
6079,167,Shoes,47827,2,UPI
6080,545,Watch,6242,2,COD
6081,738,Shoes,25521,3,Credit Card
6082,943,Shoes,39050,4,COD
6083,688,Phone,37291,1,COD
6084,534,Shoes,31244,1,UPI
6085,745,Laptop,42947,3,COD
6086,118,Watch,45867,1,Debit Card
6087,515,Laptop,27856,2,COD
6088,401,Phone,25360,4,Debit Card
6089,840,Watch,16471,3,UPI
6090,565,Shoes,23262,3,UPI
6091,856,Laptop,14882,3,Credit Card
6092,834,Phone,47285,1,Credit Card
6093,637,Shoes,27736,3,UPI
6094,387,Phone,23927,1,UPI
6095,641,Shoes,3162,2,COD
6096,653,Watch,19248,1,UPI
6097,457,Watch,15086,2,COD
6098,274,Watch,48374,3,Debit Card
6099,516,Watch,49835,4,UPI
6100,293,Laptop,49044,4,COD
6101,845,Laptop,28362,2,UPI
6102,746,Phone,49883,3,UPI
6103,297,Shoes,3601,3,Credit Card
6104,235,Shoes,14943,3,Debit Card
6105,737,Shoes,32826,3,UPI
6106,131,Phone,4656,1,UPI
6107,429,Phone,9051,1,COD
6108,298,Shoes,47399,1,Credit Card
6109,757,Phone,18508,3,UPI
6110,854,Phone,4761,2,COD
6111,983,Watch,12727,3,Debit Card
6112,240,Phone,16072,2,COD
6113,559,Shoes,29808,1,Debit Card
6114,930,Watch,36648,3,COD
6115,882,Shoes,3057,1,COD
6116,515,Watch,47727,3,COD
6117,825,Watch,3162,3,Credit Card
6118,492,Watch,48516,2,Debit Card
6119,710,Laptop,42385,4,COD
6120,863,Laptop,11163,1,Debit Card
6121,620,Phone,48031,3,UPI
6122,779,Shoes,6996,2,Credit Card
6123,851,Shoes,24031,2,UPI
6124,366,Laptop,48717,3,Debit Card
6125,747,Laptop,35097,1,Debit Card
6126,706,Shoes,32714,1,UPI
6127,384,Shoes,37776,1,Debit Card
6128,732,Phone,19002,2,Credit Card
6129,815,Shoes,46271,1,UPI
6130,455,Laptop,1961,3,Debit Card
6131,494,Shoes,47888,2,Debit Card
6132,440,Laptop,38066,3,UPI
6133,409,Laptop,34606,3,Credit Card
6134,670,Shoes,29149,3,COD
6135,292,Laptop,19960,1,Credit Card
6136,419,Phone,33251,1,COD
6137,387,Laptop,41174,4,COD
6138,222,Laptop,21422,3,COD
6139,875,Laptop,23978,2,COD
6140,465,Phone,39328,3,Debit Card
6141,660,Phone,19326,1,Credit Card
6142,304,Watch,41119,4,Credit Card
6143,812,Phone,26691,4,Credit Card
6144,278,Phone,41047,4,COD
6145,612,Watch,14780,3,Credit Card
6146,605,Laptop,40362,2,UPI
6147,581,Phone,24167,1,Credit Card
6148,464,Phone,29498,1,UPI
6149,694,Shoes,3271,1,UPI
6150,268,Shoes,28754,4,Debit Card
6151,435,Watch,16983,3,Debit Card
6152,500,Shoes,12376,4,COD
6153,732,Shoes,48965,4,UPI
6154,368,Shoes,49867,1,Debit Card
6155,467,Phone,44829,4,Credit Card
6156,417,Phone,9175,3,UPI
6157,529,Phone,14023,4,COD
6158,702,Phone,35174,3,UPI
6159,379,Laptop,46549,4,COD
6160,791,Shoes,19263,4,UPI
6161,760,Shoes,30315,1,Debit Card
6162,806,Shoes,9531,1,COD
6163,620,Laptop,24531,2,Credit Card
6164,441,Phone,4925,1,Debit Card
6165,298,Laptop,10434,1,UPI
6166,468,Phone,30593,2,Debit Card
6167,252,Laptop,1692,2,COD
6168,492,Laptop,47872,4,UPI
6169,213,Shoes,23768,2,Debit Card
6170,113,Shoes,22772,3,Credit Card
6171,372,Phone,21851,4,Credit Card
6172,440,Watch,1162,4,Credit Card
6173,750,Watch,9495,3,UPI
6174,577,Watch,4718,3,UPI
6175,558,Shoes,45291,4,UPI
6176,257,Shoes,14370,1,Credit Card
6177,306,Watch,37784,3,COD
6178,625,Laptop,553,3,COD
6179,593,Laptop,20774,4,UPI
6180,642,Shoes,17008,3,Debit Card
6181,968,Laptop,37978,3,UPI
6182,920,Phone,16974,3,UPI
6183,864,Phone,21417,1,Debit Card
6184,830,Watch,14337,1,Debit Card
6185,163,Phone,14842,2,UPI
6186,423,Laptop,22923,2,Credit Card
6187,445,Watch,35716,2,Debit Card
6188,910,Phone,21108,3,Credit Card
6189,237,Phone,2688,3,COD
6190,451,Phone,39684,1,Credit Card
6191,542,Shoes,14388,3,COD
6192,864,Shoes,16698,1,Credit Card
6193,461,Watch,7136,1,Credit Card
6194,380,Laptop,29833,3,Debit Card
6195,842,Phone,5728,1,Debit Card
6196,958,Phone,21818,2,COD
6197,724,Watch,26356,2,Debit Card
6198,117,Phone,22564,2,Credit Card
6199,653,Phone,16342,2,COD
6200,688,Watch,21811,4,Debit Card
6201,465,Phone,35682,4,COD
6202,600,Watch,13471,4,UPI
6203,876,Shoes,22890,3,UPI
6204,376,Laptop,6706,2,COD
6205,332,Laptop,42856,4,Credit Card
6206,278,Shoes,9595,2,UPI
6207,616,Watch,48563,3,Debit Card
6208,502,Watch,40867,4,UPI
6209,222,Phone,47429,2,COD
6210,770,Shoes,34976,4,UPI
6211,836,Phone,14878,4,COD
6212,122,Watch,34905,2,Debit Card
6213,841,Laptop,11826,1,Credit Card
6214,655,Shoes,2152,3,Credit Card
6215,956,Watch,11416,4,UPI
6216,808,Watch,41558,2,Credit Card
6217,851,Shoes,28151,2,Debit Card
6218,511,Shoes,24771,2,Credit Card
6219,698,Laptop,18716,4,Debit Card
6220,765,Shoes,10774,2,UPI
6221,809,Watch,10492,4,COD
6222,743,Watch,8528,3,Debit Card
6223,324,Shoes,48338,1,Credit Card
6224,786,Watch,15865,1,Debit Card
6225,155,Shoes,17250,1,UPI
6226,407,Laptop,37807,4,Debit Card
6227,611,Laptop,32317,1,UPI
6228,482,Shoes,15140,2,COD
6229,784,Laptop,3623,4,UPI
6230,447,Laptop,45184,4,Debit Card
6231,258,Shoes,48916,2,COD
6232,796,Laptop,29774,2,UPI
6233,658,Watch,46572,1,Debit Card
6234,401,Shoes,6567,1,Credit Card
6235,645,Laptop,22151,2,UPI
6236,191,Phone,35913,3,Credit Card
6237,398,Watch,46305,1,Credit Card
6238,906,Phone,25046,1,UPI
6239,706,Phone,22428,4,UPI
6240,765,Phone,2112,3,UPI
6241,650,Laptop,10279,3,Debit Card
6242,232,Laptop,6746,4,UPI
6243,477,Watch,29356,4,Credit Card
6244,828,Shoes,45857,1,UPI
6245,597,Watch,16021,3,COD
6246,579,Watch,37118,3,COD
6247,837,Shoes,46890,3,UPI
6248,709,Shoes,8880,2,Debit Card
6249,664,Laptop,46363,3,COD
6250,912,Phone,45096,1,Credit Card
6251,427,Laptop,45342,4,Credit Card
6252,275,Watch,32097,4,Debit Card
6253,362,Phone,46627,1,Debit Card
6254,352,Laptop,10182,4,Credit Card
6255,413,Shoes,8243,4,COD
6256,571,Shoes,22528,4,COD
6257,334,Watch,37967,1,UPI
6258,118,Watch,20079,2,Credit Card
6259,455,Phone,45696,3,COD
6260,625,Shoes,3937,3,Credit Card
6261,588,Phone,18787,1,COD
6262,213,Shoes,49251,3,Credit Card
6263,624,Shoes,23165,4,Credit Card
6264,389,Phone,4970,4,COD
6265,160,Watch,27239,3,COD
6266,306,Phone,46032,1,COD
6267,431,Laptop,45186,4,UPI
6268,672,Watch,4933,2,COD
6269,860,Phone,45884,3,COD
6270,119,Watch,26822,1,COD
6271,732,Watch,24153,1,COD
6272,301,Shoes,10220,3,UPI
6273,629,Laptop,8234,1,COD
6274,169,Laptop,29619,1,Debit Card
6275,120,Watch,24880,2,COD
6276,506,Shoes,44090,2,Debit Card
6277,341,Shoes,40308,2,COD
6278,405,Phone,45231,3,Credit Card
6279,574,Watch,30821,4,COD
6280,554,Watch,2869,3,UPI
6281,421,Laptop,3885,4,COD
6282,449,Shoes,32631,4,Credit Card
6283,721,Shoes,9356,1,UPI
6284,211,Shoes,22075,4,COD
6285,805,Shoes,37381,4,UPI
6286,981,Shoes,25207,3,UPI
6287,188,Phone,21080,4,UPI
6288,694,Shoes,32227,1,UPI
6289,426,Shoes,9686,4,UPI
6290,324,Phone,23236,1,Credit Card
6291,799,Laptop,41499,1,COD
6292,436,Shoes,23960,2,Debit Card
6293,980,Shoes,31043,2,UPI
6294,573,Phone,41162,4,Debit Card
6295,430,Phone,30174,1,Credit Card
6296,840,Phone,41856,4,Credit Card
6297,701,Watch,28950,4,Debit Card
6298,755,Phone,27031,3,COD
6299,606,Watch,28131,2,COD
6300,773,Watch,18189,4,UPI
6301,334,Phone,37938,1,COD
6302,164,Laptop,16210,2,COD
6303,528,Watch,46344,3,UPI
6304,452,Watch,14682,4,Debit Card
6305,197,Laptop,46679,1,COD
6306,543,Phone,28592,1,Debit Card
6307,323,Watch,45217,3,COD
6308,389,Watch,18120,3,COD
6309,262,Phone,16147,2,Credit Card
6310,387,Laptop,35727,1,Credit Card
6311,695,Phone,11861,2,UPI
6312,350,Phone,31732,4,Debit Card
6313,196,Shoes,2938,2,COD
6314,963,Phone,10381,1,COD
6315,227,Shoes,13420,2,COD
6316,323,Watch,32821,3,COD
6317,805,Watch,29638,4,UPI
6318,598,Shoes,16724,1,Credit Card
6319,626,Laptop,9510,3,Debit Card
6320,744,Shoes,31984,1,COD
6321,884,Watch,49460,4,COD
6322,826,Laptop,32633,4,COD
6323,611,Watch,41752,2,Credit Card
6324,725,Laptop,26604,2,Debit Card
6325,788,Shoes,8283,3,UPI
6326,782,Phone,6200,1,Credit Card
6327,231,Shoes,3565,1,Debit Card
6328,549,Phone,40394,3,Debit Card
6329,772,Laptop,47444,1,COD
6330,690,Phone,2403,4,COD
6331,999,Phone,26164,2,COD
6332,805,Laptop,4575,1,UPI
6333,763,Shoes,21003,4,Debit Card
6334,845,Laptop,43202,2,UPI
6335,984,Watch,30679,2,UPI
6336,806,Watch,31680,2,UPI
6337,590,Shoes,18888,3,Credit Card
6338,427,Laptop,38965,4,COD
6339,148,Shoes,37445,1,COD
6340,341,Laptop,15708,1,UPI
6341,113,Laptop,17089,4,UPI
6342,395,Watch,27655,1,UPI
6343,412,Laptop,19646,4,UPI
6344,875,Watch,47418,1,UPI
6345,550,Shoes,28856,1,UPI
6346,605,Shoes,15012,2,Credit Card
6347,805,Phone,25323,3,UPI
6348,385,Laptop,9715,3,UPI
6349,323,Laptop,2047,4,COD
6350,482,Watch,48454,4,COD
6351,454,Watch,31436,1,COD
6352,117,Watch,769,1,COD
6353,819,Shoes,32326,3,UPI
6354,899,Phone,24696,2,Debit Card
6355,680,Watch,18698,4,Credit Card
6356,124,Phone,4939,2,Credit Card
6357,344,Phone,10328,2,UPI
6358,433,Watch,1716,3,Credit Card
6359,822,Laptop,9657,2,UPI
6360,941,Shoes,15964,4,UPI
6361,438,Watch,34960,2,Credit Card
6362,668,Phone,31031,3,Debit Card
6363,927,Laptop,6917,2,Credit Card
6364,672,Shoes,26081,3,COD
6365,156,Watch,36211,2,Credit Card
6366,122,Phone,20587,2,Credit Card
6367,154,Phone,45801,2,UPI
6368,915,Phone,44585,4,UPI
6369,647,Shoes,9087,4,COD
6370,142,Phone,38869,1,COD
6371,862,Phone,40686,4,Credit Card
6372,805,Watch,32476,1,Debit Card
6373,857,Watch,32620,3,Credit Card
6374,793,Watch,6817,3,Credit Card
6375,449,Shoes,47077,4,Debit Card
6376,620,Watch,4006,3,UPI
6377,141,Phone,29852,1,Credit Card
6378,594,Phone,9609,2,COD
6379,905,Laptop,29267,4,COD
6380,553,Laptop,12144,4,COD
6381,193,Watch,31281,1,Credit Card
6382,748,Shoes,40486,4,Debit Card
6383,489,Laptop,7587,1,Debit Card
6384,684,Phone,38766,4,COD
6385,836,Watch,27421,4,Debit Card
6386,209,Laptop,49051,2,COD
6387,569,Phone,44091,3,UPI
6388,818,Laptop,19392,3,COD
6389,859,Watch,49302,3,COD
6390,555,Phone,39376,2,COD
6391,509,Shoes,26066,3,Debit Card
6392,602,Shoes,33751,1,Credit Card
6393,850,Shoes,15722,1,Credit Card
6394,571,Watch,18249,4,COD
6395,591,Shoes,27428,3,Credit Card
6396,523,Laptop,47129,3,Debit Card
6397,437,Laptop,32143,4,Debit Card
6398,693,Watch,14785,1,Debit Card
6399,343,Phone,48318,1,Credit Card
6400,253,Watch,32231,1,Credit Card
6401,605,Watch,10756,3,Debit Card
6402,142,Watch,13075,2,Debit Card
6403,744,Watch,42851,1,Debit Card
6404,607,Shoes,25983,2,COD
6405,584,Laptop,19604,4,COD
6406,734,Shoes,31359,2,Credit Card
6407,777,Shoes,17749,2,Credit Card
6408,870,Laptop,11544,3,Debit Card
6409,540,Shoes,9223,2,UPI
6410,505,Phone,19880,2,COD
6411,475,Laptop,19734,3,UPI
6412,607,Watch,23657,2,COD
6413,213,Shoes,6003,2,COD
6414,138,Laptop,7958,1,Debit Card
6415,740,Laptop,21296,1,COD
6416,763,Phone,39695,3,UPI
6417,654,Phone,46510,2,Debit Card
6418,921,Shoes,35584,3,Debit Card
6419,981,Shoes,8481,4,Credit Card
6420,128,Shoes,13561,1,Credit Card
6421,630,Watch,17872,2,COD
6422,822,Laptop,44591,2,Credit Card
6423,313,Watch,39597,4,Credit Card
6424,574,Phone,22666,2,COD
6425,221,Phone,48417,2,COD
6426,534,Shoes,33906,1,Credit Card
6427,349,Phone,25014,3,Credit Card
6428,341,Phone,17021,4,Credit Card
6429,843,Phone,47446,3,UPI
6430,159,Shoes,48224,1,COD
6431,878,Phone,17507,3,Credit Card
6432,741,Phone,38419,2,Debit Card
6433,947,Laptop,3710,2,COD
6434,156,Watch,10512,2,UPI
6435,953,Laptop,35660,2,UPI
6436,843,Phone,37667,4,Credit Card
6437,101,Laptop,1295,4,COD
6438,649,Phone,44770,2,COD
6439,667,Shoes,13091,3,Credit Card
6440,581,Shoes,28910,3,Debit Card
6441,746,Watch,41389,4,Credit Card
6442,319,Watch,17476,3,Credit Card
6443,403,Phone,26238,1,Debit Card
6444,812,Watch,27390,2,Debit Card
6445,791,Laptop,42285,4,UPI
6446,585,Phone,8211,4,Credit Card
6447,791,Shoes,44983,4,Credit Card
6448,647,Phone,37863,2,Debit Card
6449,922,Laptop,12075,4,UPI
6450,165,Laptop,22862,1,UPI
6451,757,Phone,5655,3,Debit Card
6452,479,Laptop,8209,2,COD
6453,180,Laptop,45491,4,Debit Card
6454,878,Watch,5518,2,UPI
6455,548,Shoes,8377,3,UPI
6456,740,Laptop,33016,2,UPI
6457,772,Watch,8215,3,Debit Card
6458,193,Phone,36514,3,Debit Card
6459,229,Watch,8495,3,Credit Card
6460,357,Laptop,7244,3,COD
6461,328,Laptop,37095,4,COD
6462,398,Laptop,7095,3,UPI
6463,377,Shoes,37216,3,Credit Card
6464,937,Phone,40509,2,Credit Card
6465,222,Watch,1866,3,Credit Card
6466,551,Laptop,31231,4,COD
6467,421,Phone,27754,3,Debit Card
6468,200,Phone,19415,1,Debit Card
6469,928,Laptop,6449,1,Debit Card
6470,790,Phone,26962,3,Debit Card
6471,692,Watch,47201,3,COD
6472,185,Shoes,31736,3,UPI
6473,773,Watch,45321,2,Credit Card
6474,167,Laptop,10440,4,COD
6475,471,Phone,20458,1,COD
6476,235,Phone,25011,4,UPI
6477,320,Phone,43589,3,UPI
6478,212,Shoes,31317,4,Debit Card
6479,394,Watch,34833,4,Debit Card
6480,810,Phone,49884,4,Credit Card
6481,321,Phone,15660,1,UPI
6482,939,Laptop,8108,3,Debit Card
6483,437,Laptop,45256,3,UPI
6484,305,Shoes,32409,1,Debit Card
6485,340,Watch,5628,1,UPI
6486,967,Shoes,24393,1,Credit Card
6487,756,Shoes,15973,1,UPI
6488,344,Shoes,11814,2,Debit Card
6489,537,Watch,21702,2,Credit Card
6490,597,Laptop,48377,2,Debit Card
6491,277,Shoes,42009,4,Credit Card
6492,714,Laptop,18501,2,UPI
6493,695,Watch,5607,3,Credit Card
6494,965,Laptop,5034,1,COD
6495,991,Laptop,34188,1,Debit Card
6496,852,Watch,31530,2,Debit Card
6497,774,Shoes,12736,3,COD
6498,946,Watch,48364,3,COD
6499,265,Shoes,31608,4,UPI
6500,900,Shoes,46972,2,Debit Card
6501,257,Shoes,9015,4,Credit Card
6502,354,Shoes,2997,4,Credit Card
6503,584,Shoes,37088,4,UPI
6504,683,Shoes,23965,1,Credit Card
6505,662,Phone,9264,2,UPI
6506,585,Watch,5981,1,Debit Card
6507,819,Laptop,20358,4,COD
6508,882,Shoes,43727,3,UPI
6509,440,Laptop,45019,1,Credit Card
6510,458,Watch,33207,1,Debit Card
6511,253,Shoes,23939,1,Debit Card
6512,398,Watch,37504,3,Debit Card
6513,777,Laptop,37497,2,UPI
6514,476,Watch,20344,3,COD
6515,827,Phone,15450,3,UPI
6516,201,Phone,5264,2,Debit Card
6517,167,Shoes,34323,2,UPI
6518,158,Phone,6818,2,Credit Card
6519,926,Watch,9757,3,COD
6520,283,Shoes,39125,3,COD
6521,991,Shoes,27546,2,Credit Card
6522,568,Phone,13164,2,COD
6523,460,Watch,46891,3,Debit Card
6524,970,Watch,20251,1,Debit Card
6525,138,Phone,27837,2,COD
6526,111,Laptop,20039,2,Debit Card
6527,376,Laptop,40859,2,COD
6528,175,Watch,31178,1,UPI
6529,206,Phone,9940,3,COD
6530,980,Phone,41256,3,Debit Card
6531,596,Watch,47300,4,Debit Card
6532,713,Laptop,16296,2,UPI
6533,496,Laptop,25560,2,COD
6534,381,Watch,25344,3,Debit Card
6535,500,Phone,42281,1,Credit Card
6536,562,Laptop,5669,2,Debit Card
6537,496,Watch,30380,2,Credit Card
6538,296,Shoes,15919,4,UPI
6539,981,Watch,19147,2,COD
6540,326,Laptop,14456,2,COD
6541,384,Laptop,7285,4,Debit Card
6542,490,Watch,38659,3,Debit Card
6543,732,Laptop,41098,3,Debit Card
6544,391,Laptop,26533,3,Credit Card
6545,547,Phone,43763,1,UPI
6546,398,Shoes,41474,1,COD
6547,387,Laptop,4257,2,Credit Card
6548,119,Laptop,24728,2,COD
6549,192,Phone,15594,3,COD
6550,786,Shoes,24410,3,Debit Card
6551,557,Laptop,4463,1,UPI
6552,893,Phone,28333,4,Debit Card
6553,888,Shoes,46675,1,Credit Card
6554,295,Watch,15419,4,Credit Card
6555,466,Shoes,22328,3,Debit Card
6556,318,Laptop,48007,4,Debit Card
6557,108,Shoes,28711,1,Credit Card
6558,439,Laptop,40290,4,COD
6559,325,Phone,27324,4,UPI
6560,738,Phone,20150,1,UPI
6561,359,Watch,19032,4,COD
6562,216,Watch,43674,4,Debit Card
6563,413,Watch,13677,3,Credit Card
6564,679,Phone,46386,3,COD
6565,122,Shoes,23446,2,UPI
6566,554,Laptop,22255,1,Debit Card
6567,885,Laptop,41602,3,Debit Card
6568,773,Phone,24842,1,Debit Card
6569,195,Watch,6779,2,Debit Card
6570,222,Watch,48678,1,Debit Card
6571,489,Shoes,2117,3,Credit Card
6572,653,Shoes,20519,1,Credit Card
6573,783,Shoes,32017,2,COD
6574,645,Phone,46222,4,Debit Card
6575,873,Watch,9131,4,UPI
6576,655,Phone,36671,4,Debit Card
6577,895,Watch,44660,2,COD
6578,898,Watch,47641,4,Debit Card
6579,879,Shoes,38761,2,Debit Card
6580,989,Watch,46002,2,Credit Card
6581,577,Laptop,40120,3,UPI
6582,661,Laptop,17472,1,Debit Card
6583,676,Laptop,14584,2,COD
6584,441,Watch,38097,3,UPI
6585,882,Phone,44009,1,Debit Card
6586,833,Watch,9094,1,COD
6587,917,Shoes,2014,2,Debit Card
6588,875,Shoes,44768,4,Credit Card
6589,635,Shoes,27259,4,UPI
6590,181,Phone,12667,2,Credit Card
6591,758,Phone,26281,2,Credit Card
6592,669,Laptop,32905,1,UPI
6593,458,Phone,17370,4,Credit Card
6594,259,Phone,1988,4,Credit Card
6595,914,Watch,45406,3,COD
6596,660,Watch,24522,4,COD
6597,741,Shoes,49648,3,Debit Card
6598,157,Shoes,25936,1,UPI
6599,116,Laptop,6390,4,COD
6600,219,Laptop,36508,4,Debit Card
6601,890,Watch,24420,4,UPI
6602,675,Phone,27692,2,COD
6603,713,Watch,30836,3,UPI
6604,420,Phone,28662,3,UPI
6605,934,Watch,21923,2,COD
6606,145,Watch,19256,2,UPI
6607,615,Laptop,10122,1,Debit Card
6608,371,Watch,38826,3,Credit Card
6609,979,Shoes,49093,2,COD
6610,799,Shoes,23241,3,COD
6611,560,Phone,44853,1,Credit Card
6612,418,Laptop,20789,1,Debit Card
6613,177,Phone,7016,3,Credit Card
6614,370,Phone,39665,2,Debit Card
6615,397,Shoes,3663,2,Debit Card
6616,933,Watch,15363,2,Debit Card
6617,752,Phone,46895,2,UPI
6618,972,Watch,18468,3,Debit Card
6619,396,Phone,49752,4,COD
6620,614,Shoes,25141,1,Debit Card
6621,873,Shoes,32625,1,Debit Card
6622,423,Laptop,6005,3,Credit Card
6623,234,Shoes,16624,3,UPI
6624,466,Watch,35305,2,Debit Card
6625,137,Phone,42326,4,UPI
6626,819,Phone,14834,4,Debit Card
6627,888,Laptop,25477,1,Debit Card
6628,402,Shoes,15183,2,UPI
6629,327,Watch,42081,1,Debit Card
6630,677,Phone,7476,2,COD
6631,915,Watch,44029,3,UPI
6632,650,Laptop,45477,4,Credit Card
6633,198,Watch,23032,4,UPI
6634,696,Shoes,2738,2,COD
6635,748,Watch,27559,2,Credit Card
6636,370,Watch,19845,4,COD
6637,269,Shoes,33537,2,COD
6638,512,Phone,1148,1,UPI
6639,713,Shoes,24880,4,Debit Card
6640,160,Shoes,13763,3,UPI
6641,758,Shoes,8872,3,Credit Card
6642,754,Laptop,1413,4,UPI
6643,862,Watch,9046,1,Debit Card
6644,355,Phone,44719,3,Debit Card
6645,408,Laptop,10881,2,Credit Card
6646,483,Watch,5670,1,COD
6647,362,Phone,22184,1,UPI
6648,106,Shoes,14182,3,Credit Card
6649,103,Laptop,26371,3,Credit Card
6650,736,Laptop,16321,4,Credit Card
6651,474,Watch,35153,3,Debit Card
6652,758,Phone,16872,3,Credit Card
6653,523,Watch,28735,3,UPI
6654,443,Shoes,35854,1,Credit Card
6655,991,Shoes,24998,4,COD
6656,503,Phone,5430,1,Debit Card
6657,667,Shoes,15371,1,Credit Card
6658,947,Phone,18298,1,COD
6659,917,Laptop,24062,4,COD
6660,537,Shoes,3850,1,UPI
6661,498,Laptop,42294,2,Debit Card
6662,973,Shoes,629,4,Debit Card
6663,181,Phone,15129,4,COD
6664,298,Laptop,41426,1,Credit Card
6665,792,Phone,22093,2,COD
6666,802,Phone,15481,4,Debit Card
6667,760,Laptop,37026,4,UPI
6668,471,Phone,510,1,Debit Card
6669,471,Watch,5934,1,COD
6670,109,Watch,34974,3,Credit Card
6671,108,Shoes,45635,1,COD
6672,484,Phone,10203,4,COD
6673,952,Shoes,17016,2,Debit Card
6674,161,Shoes,24483,4,Credit Card
6675,238,Phone,24215,4,Debit Card
6676,200,Laptop,31387,1,Debit Card
6677,553,Watch,47971,1,Debit Card
6678,228,Laptop,35386,4,Credit Card
6679,928,Phone,10339,3,COD
6680,528,Phone,8170,4,COD
6681,139,Phone,41313,1,COD
6682,559,Shoes,45279,4,Credit Card
6683,878,Laptop,35503,4,Debit Card
6684,878,Laptop,17579,2,Credit Card
6685,508,Phone,21705,1,COD
6686,368,Phone,33422,1,Debit Card
6687,121,Laptop,18349,2,COD
6688,770,Shoes,13796,4,Debit Card
6689,943,Watch,21074,4,UPI
6690,371,Laptop,12382,1,Debit Card
6691,793,Shoes,34812,4,Debit Card
6692,973,Shoes,9696,2,Credit Card
6693,903,Shoes,34825,1,UPI
6694,803,Shoes,40649,3,Credit Card
6695,481,Watch,16073,2,Debit Card
6696,908,Watch,26361,4,Debit Card
6697,410,Laptop,16812,4,Credit Card
6698,391,Laptop,22232,4,COD
6699,769,Laptop,7187,3,Debit Card
6700,731,Phone,36957,2,Debit Card
6701,207,Shoes,8497,4,Debit Card
6702,665,Phone,49573,4,COD
6703,671,Phone,24108,3,COD
6704,459,Watch,29107,4,COD
6705,661,Phone,48690,1,Debit Card
6706,598,Laptop,3322,1,Debit Card
6707,175,Phone,44571,4,Credit Card
6708,117,Shoes,18502,4,Credit Card
6709,724,Laptop,37200,2,UPI
6710,898,Shoes,43334,1,Credit Card
6711,866,Shoes,5697,3,Debit Card
6712,376,Phone,39692,4,Credit Card
6713,672,Watch,21012,4,Debit Card
6714,137,Watch,31118,4,COD
6715,546,Phone,18390,4,Debit Card
6716,619,Watch,8507,2,Credit Card
6717,689,Watch,7796,4,Credit Card
6718,618,Phone,37156,3,COD
6719,879,Watch,19630,3,COD
6720,489,Shoes,6143,3,Debit Card
6721,179,Phone,29098,4,COD
6722,977,Laptop,39248,1,Credit Card
6723,677,Watch,38976,1,Debit Card
6724,427,Laptop,7192,1,Debit Card
6725,227,Laptop,44799,2,COD
6726,777,Shoes,19624,2,Debit Card
6727,515,Shoes,3554,1,COD
6728,132,Shoes,2534,4,UPI
6729,488,Shoes,20883,4,Credit Card
6730,412,Phone,6841,4,Debit Card
6731,127,Shoes,47426,1,Credit Card
6732,194,Shoes,37640,2,COD
6733,465,Shoes,15527,2,Debit Card
6734,943,Watch,23685,4,UPI
6735,832,Phone,12692,3,COD
6736,846,Watch,16187,1,Debit Card
6737,229,Watch,47813,1,UPI
6738,539,Laptop,23179,4,COD
6739,911,Shoes,46653,3,UPI
6740,216,Watch,49735,3,COD
6741,903,Phone,30602,3,UPI
6742,802,Laptop,38021,1,COD
6743,965,Shoes,43996,4,Debit Card
6744,670,Watch,31567,3,UPI
6745,234,Watch,6148,3,COD
6746,174,Shoes,10396,1,Credit Card
6747,602,Phone,24908,1,Credit Card
6748,747,Laptop,5167,2,Debit Card
6749,299,Shoes,21883,4,Credit Card
6750,744,Phone,46580,1,Debit Card
6751,763,Watch,19816,3,Credit Card
6752,338,Phone,2885,2,Debit Card
6753,782,Laptop,14888,1,Credit Card
6754,685,Laptop,31562,3,Debit Card
6755,889,Laptop,3989,1,UPI
6756,960,Shoes,40231,3,UPI
6757,177,Watch,20401,4,UPI
6758,250,Watch,4065,4,Debit Card
6759,288,Shoes,30781,1,Credit Card
6760,999,Shoes,38029,2,Credit Card
6761,842,Laptop,15496,3,Credit Card
6762,922,Watch,33355,2,Credit Card
6763,988,Laptop,14556,1,Credit Card
6764,444,Shoes,18575,3,Credit Card
6765,502,Watch,33383,4,Debit Card
6766,440,Phone,8359,4,Credit Card
6767,989,Phone,8250,3,COD
6768,155,Laptop,32065,2,Debit Card
6769,841,Phone,15872,4,COD
6770,773,Watch,20134,2,Credit Card
6771,102,Watch,49542,3,UPI
6772,636,Watch,24962,4,Credit Card
6773,374,Laptop,13514,1,UPI
6774,343,Laptop,41072,4,COD
6775,866,Watch,37514,2,Debit Card
6776,269,Shoes,6008,3,Credit Card
6777,979,Watch,45771,4,Debit Card
6778,307,Phone,39895,2,Credit Card
6779,123,Phone,11182,4,Credit Card
6780,247,Watch,8447,4,Credit Card
6781,628,Phone,41084,4,Debit Card
6782,303,Phone,44585,1,UPI
6783,556,Shoes,36721,3,Credit Card
6784,889,Shoes,36927,3,UPI
6785,429,Watch,7979,1,COD
6786,360,Shoes,36978,1,Credit Card
6787,964,Shoes,15629,4,UPI
6788,298,Phone,40607,2,Credit Card
6789,766,Watch,19331,1,UPI
6790,473,Watch,49741,1,Debit Card
6791,245,Phone,28583,3,COD
6792,300,Watch,45311,2,Credit Card
6793,992,Phone,4878,2,UPI
6794,526,Shoes,49442,4,COD
6795,287,Watch,31385,1,UPI
6796,321,Laptop,49832,3,COD
6797,157,Laptop,44529,1,COD
6798,805,Phone,46418,3,Credit Card
6799,589,Shoes,10937,4,UPI
6800,411,Shoes,41619,2,UPI
6801,367,Laptop,11629,1,Debit Card
6802,273,Watch,43378,1,UPI
6803,263,Laptop,49754,2,Credit Card
6804,423,Shoes,15773,2,Debit Card
6805,472,Shoes,10559,4,Debit Card
6806,832,Shoes,5761,3,COD
6807,775,Shoes,11544,3,COD
6808,743,Phone,47319,4,COD
6809,557,Shoes,12024,4,UPI
6810,137,Laptop,25824,4,Debit Card
6811,635,Watch,22266,1,COD
6812,836,Laptop,15761,1,Debit Card
6813,815,Watch,30335,4,UPI
6814,843,Shoes,26038,3,Debit Card
6815,835,Shoes,9288,2,Debit Card
6816,579,Laptop,18163,3,UPI
6817,695,Shoes,34458,4,Credit Card
6818,486,Watch,22564,1,Credit Card
6819,268,Phone,45031,1,Credit Card
6820,486,Watch,17150,1,Debit Card
6821,274,Laptop,19150,4,Debit Card
6822,381,Watch,8995,2,Credit Card
6823,166,Watch,35730,2,Credit Card
6824,184,Phone,13119,4,Credit Card
6825,483,Laptop,3208,3,Credit Card
6826,814,Watch,15732,1,Debit Card
6827,114,Phone,25432,2,COD
6828,134,Shoes,27014,3,COD
6829,902,Phone,25480,2,UPI
6830,828,Watch,7758,4,COD
6831,242,Phone,42782,1,COD
6832,859,Laptop,36987,1,UPI
6833,437,Laptop,3872,1,COD
6834,379,Phone,44373,2,COD
6835,786,Laptop,37554,2,UPI
6836,549,Shoes,9458,3,Credit Card
6837,772,Shoes,29757,1,Debit Card
6838,460,Shoes,7098,3,UPI
6839,124,Watch,28003,4,Debit Card
6840,123,Laptop,31158,3,Debit Card
6841,505,Shoes,6251,3,COD
6842,529,Watch,15317,3,Debit Card
6843,159,Watch,12239,4,COD
6844,758,Shoes,18613,4,COD
6845,961,Phone,25628,1,COD
6846,805,Shoes,43233,2,Credit Card
6847,863,Watch,5389,1,Debit Card
6848,763,Laptop,36228,3,COD
6849,424,Phone,14917,3,Debit Card
6850,461,Phone,45585,2,COD
6851,140,Watch,6202,2,COD
6852,410,Shoes,47722,1,Credit Card
6853,118,Phone,23398,3,Credit Card
6854,450,Phone,23290,3,UPI
6855,497,Watch,21127,1,UPI
6856,370,Laptop,20269,2,Credit Card
6857,248,Laptop,37809,3,UPI
6858,651,Watch,27088,3,Debit Card
6859,942,Phone,19191,2,Credit Card
6860,934,Shoes,25397,4,Debit Card
6861,340,Laptop,9865,3,COD
6862,815,Watch,16573,1,Debit Card
6863,298,Phone,27391,1,Debit Card
6864,759,Laptop,47662,1,COD
6865,358,Laptop,25778,3,COD
6866,681,Laptop,39751,2,COD
6867,402,Shoes,49304,4,Credit Card
6868,384,Phone,35537,1,Credit Card
6869,486,Phone,22560,4,Debit Card
6870,180,Laptop,46758,1,Debit Card
6871,230,Shoes,5295,3,Credit Card
6872,807,Watch,30298,3,UPI
6873,380,Watch,42823,2,Credit Card
6874,650,Phone,23645,3,UPI
6875,771,Shoes,37425,4,UPI
6876,549,Watch,6522,3,Credit Card
6877,902,Watch,35248,1,Debit Card
6878,947,Watch,8339,4,COD
6879,786,Phone,8359,1,Debit Card
6880,634,Shoes,11291,4,UPI
6881,371,Phone,38450,1,COD
6882,856,Shoes,8590,2,Debit Card
6883,297,Shoes,7463,1,Credit Card
6884,841,Laptop,44294,1,Credit Card
6885,305,Watch,49024,3,Debit Card
6886,815,Watch,27391,2,Debit Card
6887,562,Phone,4874,3,COD
6888,650,Phone,42140,2,Credit Card
6889,546,Shoes,26791,2,Credit Card
6890,912,Laptop,47299,4,UPI
6891,444,Laptop,15526,4,Debit Card
6892,270,Watch,43517,4,Debit Card
6893,626,Laptop,48034,3,UPI
6894,774,Phone,31061,1,COD
6895,382,Watch,23353,3,UPI
6896,323,Watch,9980,4,COD
6897,412,Watch,44293,4,COD
6898,786,Phone,18004,4,UPI
6899,335,Laptop,38968,3,COD
6900,197,Watch,24890,4,COD
6901,784,Watch,33469,3,COD
6902,864,Shoes,34488,4,UPI
6903,671,Shoes,19515,1,UPI
6904,479,Laptop,38618,3,Debit Card
6905,622,Shoes,22530,1,Debit Card
6906,361,Shoes,39572,2,UPI
6907,185,Shoes,9788,4,UPI
6908,131,Watch,47965,4,Credit Card
6909,427,Watch,15759,2,UPI
6910,742,Shoes,17990,1,Debit Card
6911,488,Shoes,39900,3,UPI
6912,433,Phone,5987,1,Debit Card
6913,248,Laptop,26241,3,Debit Card
6914,211,Watch,11086,3,COD
6915,500,Phone,41979,1,Debit Card
6916,837,Shoes,22483,4,UPI
6917,367,Laptop,27049,3,UPI
6918,835,Laptop,22744,2,COD
6919,984,Laptop,9365,4,Credit Card
6920,578,Shoes,20603,3,COD
6921,716,Laptop,45626,1,Debit Card
6922,826,Watch,13651,4,Debit Card
6923,158,Laptop,36485,3,UPI
6924,877,Watch,6621,3,Debit Card
6925,595,Shoes,45374,3,UPI
6926,647,Laptop,14948,2,UPI
6927,783,Laptop,23547,2,Credit Card
6928,284,Watch,11117,1,Credit Card
6929,648,Phone,4456,2,UPI
6930,767,Phone,47371,2,Debit Card
6931,684,Watch,46253,2,Debit Card
6932,268,Phone,44863,1,COD
6933,910,Laptop,4682,2,COD
6934,375,Phone,23724,2,Credit Card
6935,755,Phone,39227,1,UPI
6936,339,Phone,1777,4,COD
6937,736,Watch,6056,4,COD
6938,734,Watch,3060,3,Debit Card
6939,434,Watch,27820,4,COD
6940,480,Laptop,18378,4,Debit Card
6941,464,Shoes,32786,3,COD
6942,942,Phone,14905,3,UPI
6943,484,Phone,23379,4,COD
6944,401,Phone,18426,1,COD
6945,674,Watch,35055,4,Debit Card
6946,257,Watch,39669,1,UPI
6947,289,Watch,26889,4,COD
6948,718,Laptop,22775,4,Debit Card
6949,332,Watch,4844,2,COD
6950,554,Phone,48852,3,COD
6951,630,Laptop,30769,2,COD
6952,127,Shoes,12991,2,COD
6953,460,Shoes,9558,1,Credit Card
6954,307,Phone,17677,2,Credit Card
6955,199,Phone,43581,2,Debit Card
6956,799,Phone,30034,3,Credit Card
6957,178,Phone,7705,2,Credit Card
6958,293,Watch,25138,3,Debit Card
6959,830,Laptop,1664,4,COD
6960,207,Phone,21934,2,COD
6961,882,Shoes,24405,4,Debit Card
6962,893,Laptop,24629,3,COD
6963,305,Phone,28829,3,Credit Card
6964,324,Watch,9070,1,Debit Card
6965,297,Shoes,29559,2,UPI
6966,898,Watch,25072,2,UPI
6967,823,Phone,38257,1,UPI
6968,457,Watch,27115,3,Debit Card
6969,279,Phone,10584,1,COD
6970,802,Laptop,8707,2,Credit Card
6971,777,Watch,24233,2,UPI
6972,735,Phone,37163,4,Credit Card
6973,927,Watch,14014,2,Debit Card
6974,493,Laptop,35054,3,Credit Card
6975,461,Laptop,41712,4,UPI
6976,503,Watch,21280,3,UPI
6977,452,Watch,32042,3,Credit Card
6978,792,Watch,9920,2,UPI
6979,435,Shoes,49436,3,UPI
6980,677,Phone,20999,2,Debit Card
6981,128,Phone,21804,3,UPI
6982,782,Phone,23660,1,COD
6983,403,Phone,19025,1,COD
6984,888,Shoes,41039,2,COD
6985,688,Watch,10433,4,Debit Card
6986,734,Phone,9888,1,COD
6987,571,Laptop,46808,4,UPI
6988,902,Laptop,20793,3,UPI
6989,223,Laptop,48020,4,Debit Card
6990,528,Laptop,49824,2,Debit Card
6991,240,Laptop,31110,4,COD
6992,338,Laptop,44291,1,Debit Card
6993,667,Shoes,2098,1,Debit Card
6994,293,Shoes,7040,2,COD
6995,556,Laptop,40794,3,Credit Card
6996,227,Watch,23780,4,Debit Card
6997,504,Watch,13608,1,COD
6998,864,Phone,24975,3,UPI
6999,697,Shoes,3159,4,COD
