Movie ID,Title,Genre,Rating,Revenue (Cr),Release Year
1,Movie_0,Comedy,4.1,375,2023
2,Movie_1,Comedy,8.3,494,2005
3,Movie_2,Action,5.1,403,2014
4,Movie_3,Horror,6.6,277,2002
5,Movie_4,Action,2.8,183,2011
6,Movie_5,Comedy,1.8,472,2001
7,Movie_6,Horror,9.8,494,2018
8,Movie_7,Action,4.3,450,2006
9,Movie_8,Comedy,6.2,380,2011
10,Movie_9,Comedy,3.2,305,2007
11,Movie_10,Action,9.9,226,2002
12,Movie_11,Comedy,6.1,160,2003
13,Movie_12,Comedy,5.7,101,2004
14,Movie_13,Drama,8.9,460,2023
15,Movie_14,Action,1.1,261,2019
16,Movie_15,Comedy,7.6,35,2005
17,Movie_16,Action,3.9,198,2014
18,Movie_17,Drama,6.9,438,2006
19,Movie_18,Action,8.4,436,2017
20,Movie_19,Drama,4.9,135,2000
21,Movie_20,Action,2.4,28,2019
22,Movie_21,Horror,5.3,103,2009
23,Movie_22,Action,4.0,163,2017
24,Movie_23,Action,3.2,231,2013
25,Movie_24,Horror,6.5,466,2006
26,Movie_25,Horror,2.9,88,2013
27,Movie_26,Drama,5.4,381,2013
28,Movie_27,Action,5.0,443,2005
29,Movie_28,Horror,4.3,331,2016
30,Movie_29,Drama,4.3,36,2006
31,Movie_30,Drama,2.9,65,2001
32,Movie_31,Comedy,4.3,459,2014
33,Movie_32,Action,2.4,78,2011
34,Movie_33,Action,7.4,361,2022
35,Movie_34,Drama,8.4,49,2015
36,Movie_35,Comedy,3.6,262,2012
37,Movie_36,Horror,7.3,20,2008
38,Movie_37,Drama,9.5,231,2023
39,Movie_38,Comedy,2.2,255,2003
40,Movie_39,Comedy,5.4,99,2000
41,Movie_40,Comedy,6.9,123,2008
42,Movie_41,Horror,5.7,315,2001
43,Movie_42,Comedy,2.2,280,2016
44,Movie_43,Drama,4.6,218,2018
45,Movie_44,Comedy,4.7,209,2020
46,Movie_45,Action,4.9,417,2020
47,Movie_46,Drama,2.1,254,2018
48,Movie_47,Drama,3.3,436,2008
49,Movie_48,Drama,5.2,298,2022
50,Movie_49,Comedy,8.9,248,2012
51,Movie_50,Action,8.0,172,2013
52,Movie_51,Comedy,8.2,490,2005
53,Movie_52,Horror,1.0,28,2002
54,Movie_53,Comedy,8.7,208,2023
55,Movie_54,Action,2.8,311,2015
56,Movie_55,Horror,9.3,283,2012
57,Movie_56,Drama,2.0,140,2001
58,Movie_57,Comedy,1.9,225,2017
59,Movie_58,Comedy,4.7,400,2013
60,Movie_59,Drama,8.5,446,2017
61,Movie_60,Horror,6.9,380,2011
62,Movie_61,Drama,8.6,62,2007
63,Movie_62,Action,3.7,459,2018
64,Movie_63,Horror,3.6,33,2023
65,Movie_64,Action,3.0,190,2003
66,Movie_65,Drama,8.9,300,2014
67,Movie_66,Action,9.9,45,2007
68,Movie_67,Comedy,2.1,445,2003
69,Movie_68,Horror,5.7,285,2020
70,Movie_69,Drama,4.2,24,2001
71,Movie_70,Action,8.2,479,2003
72,Movie_71,Drama,9.0,32,2017
73,Movie_72,Horror,8.8,273,2012
74,Movie_73,Action,8.7,322,2002
75,Movie_74,Horror,4.9,70,2003
76,Movie_75,Comedy,7.8,100,2009
77,Movie_76,Drama,1.5,443,2003
78,Movie_77,Horror,3.2,355,2009
79,Movie_78,Horror,6.4,142,2022
80,Movie_79,Action,3.4,465,2017
81,Movie_80,Comedy,9.5,321,2023
82,Movie_81,Action,6.5,187,2006
83,Movie_82,Drama,9.4,305,2012
84,Movie_83,Action,9.5,347,2010
85,Movie_84,Action,6.4,352,2002
86,Movie_85,Action,9.4,204,2000
87,Movie_86,Comedy,5.0,23,2010
88,Movie_87,Action,1.4,280,2008
89,Movie_88,Horror,1.5,186,2014
90,Movie_89,Action,4.1,30,2011
91,Movie_90,Action,2.8,471,2023
92,Movie_91,Drama,9.0,302,2023
93,Movie_92,Action,2.2,359,2015
94,Movie_93,Drama,5.6,420,2018
95,Movie_94,Drama,9.9,121,2001
96,Movie_95,Action,9.9,99,2006
97,Movie_96,Horror,2.4,246,2020
98,Movie_97,Comedy,4.7,379,2007
99,Movie_98,Action,7.2,197,2006
100,Movie_99,Horror,4.2,383,2011
101,Movie_100,Comedy,6.9,431,2020
102,Movie_101,Drama,2.5,122,2014
103,Movie_102,Drama,5.4,499,2023
104,Movie_103,Comedy,3.3,154,2020
105,Movie_104,Drama,8.7,164,2022
106,Movie_105,Drama,1.5,487,2002
107,Movie_106,Horror,7.3,281,2022
108,Movie_107,Action,7.8,61,2019
109,Movie_108,Action,2.2,263,2000
110,Movie_109,Action,2.4,284,2005
111,Movie_110,Action,8.4,221,2013
112,Movie_111,Drama,9.1,210,2003
113,Movie_112,Drama,9.8,284,2018
114,Movie_113,Comedy,7.7,49,2009
115,Movie_114,Comedy,7.9,14,2018
116,Movie_115,Horror,3.2,433,2017
117,Movie_116,Action,8.6,400,2006
118,Movie_117,Action,1.2,231,2023
119,Movie_118,Drama,2.3,221,2017
120,Movie_119,Comedy,4.3,403,2018
121,Movie_120,Comedy,4.5,304,2005
122,Movie_121,Horror,4.9,236,2005
123,Movie_122,Comedy,8.6,88,2010
124,Movie_123,Drama,7.4,298,2023
125,Movie_124,Comedy,5.1,207,2001
126,Movie_125,Action,7.6,322,2004
127,Movie_126,Comedy,2.0,368,2001
128,Movie_127,Comedy,3.5,40,2010
129,Movie_128,Comedy,7.5,421,2008
130,Movie_129,Action,9.4,161,2011
131,Movie_130,Drama,6.2,134,2013
132,Movie_131,Horror,3.2,83,2006
133,Movie_132,Horror,7.2,311,2005
134,Movie_133,Comedy,9.2,410,2013
135,Movie_134,Action,3.7,195,2011
136,Movie_135,Action,5.3,116,2022
137,Movie_136,Drama,2.3,96,2016
138,Movie_137,Action,8.6,73,2018
139,Movie_138,Drama,6.1,164,2011
140,Movie_139,Horror,1.3,325,2003
141,Movie_140,Horror,2.7,157,2002
142,Movie_141,Horror,9.5,32,2019
143,Movie_142,Comedy,6.9,196,2011
144,Movie_143,Drama,1.3,219,2020
145,Movie_144,Comedy,9.0,253,2001
146,Movie_145,Comedy,1.1,330,2014
147,Movie_146,Drama,1.1,253,2020
148,Movie_147,Action,1.0,20,2015
149,Movie_148,Drama,1.4,479,2000
150,Movie_149,Comedy,4.5,483,2013
151,Movie_150,Action,3.8,205,2011
152,Movie_151,Comedy,4.0,163,2023
153,Movie_152,Comedy,5.0,401,2017
154,Movie_153,Action,9.8,408,2010
155,Movie_154,Comedy,8.5,69,2006
156,Movie_155,Drama,8.3,393,2020
157,Movie_156,Action,7.3,183,2009
158,Movie_157,Drama,5.4,419,2003
159,Movie_158,Drama,6.1,166,2013
160,Movie_159,Comedy,1.3,486,2012
161,Movie_160,Comedy,3.1,273,2009
162,Movie_161,Action,2.2,487,2002
163,Movie_162,Action,7.2,61,2020
164,Movie_163,Action,2.9,115,2016
165,Movie_164,Horror,8.4,250,2007
166,Movie_165,Comedy,3.1,359,2020
167,Movie_166,Comedy,9.3,458,2012
168,Movie_167,Action,9.9,273,2002
169,Movie_168,Action,5.4,49,2005
170,Movie_169,Action,8.9,173,2012
171,Movie_170,Drama,2.8,132,2010
172,Movie_171,Drama,1.8,465,2023
173,Movie_172,Drama,7.6,96,2013
174,Movie_173,Action,2.0,451,2018
175,Movie_174,Drama,8.3,308,2010
176,Movie_175,Horror,8.0,213,2021
177,Movie_176,Drama,1.5,307,2006
178,Movie_177,Horror,2.3,149,2022
179,Movie_178,Horror,6.7,201,2002
180,Movie_179,Horror,4.4,319,2019
181,Movie_180,Drama,3.6,313,2011
182,Movie_181,Drama,4.3,489,2008
183,Movie_182,Drama,3.6,278,2019
184,Movie_183,Comedy,9.0,235,2013
185,Movie_184,Drama,9.5,311,2012
186,Movie_185,Horror,7.5,123,2003
187,Movie_186,Action,5.7,477,2006
188,Movie_187,Comedy,7.6,11,2002
189,Movie_188,Comedy,8.8,427,2000
190,Movie_189,Comedy,1.6,155,2012
191,Movie_190,Horror,2.1,396,2022
192,Movie_191,Comedy,2.0,17,2019
193,Movie_192,Horror,3.1,488,2009
194,Movie_193,Drama,8.9,169,2020
195,Movie_194,Comedy,8.1,235,2014
196,Movie_195,Horror,3.4,412,2005
197,Movie_196,Comedy,7.8,185,2017
198,Movie_197,Comedy,9.7,182,2012
199,Movie_198,Horror,7.6,71,2022
200,Movie_199,Horror,6.3,338,2001
201,Movie_200,Action,7.1,425,2019
202,Movie_201,Action,2.1,106,2021
203,Movie_202,Comedy,9.7,278,2006
204,Movie_203,Comedy,1.8,61,2013
205,Movie_204,Action,3.7,328,2021
206,Movie_205,Comedy,6.3,15,2004
207,Movie_206,Horror,6.5,175,2008
208,Movie_207,Horror,2.9,346,2002
209,Movie_208,Drama,1.7,119,2013
210,Movie_209,Horror,6.9,190,2005
211,Movie_210,Action,3.4,102,2017
212,Movie_211,Comedy,7.6,432,2005
213,Movie_212,Action,5.7,260,2006
214,Movie_213,Action,2.8,482,2017
215,Movie_214,Horror,9.0,479,2009
216,Movie_215,Comedy,6.0,368,2016
217,Movie_216,Drama,9.1,235,2018
218,Movie_217,Horror,6.5,491,2017
219,Movie_218,Comedy,7.5,457,2000
220,Movie_219,Comedy,3.3,418,2022
221,Movie_220,Drama,7.3,433,2020
222,Movie_221,Comedy,3.6,215,2003
223,Movie_222,Comedy,5.3,164,2008
224,Movie_223,Drama,1.0,490,2015
225,Movie_224,Comedy,4.2,174,2009
226,Movie_225,Comedy,1.4,251,2022
227,Movie_226,Comedy,3.0,141,2019
228,Movie_227,Action,5.0,402,2018
229,Movie_228,Horror,2.3,281,2000
230,Movie_229,Drama,9.6,420,2023
231,Movie_230,Action,3.4,333,2021
232,Movie_231,Horror,2.8,246,2022
233,Movie_232,Horror,9.2,183,2014
234,Movie_233,Horror,7.4,347,2018
235,Movie_234,Comedy,8.8,102,2004
236,Movie_235,Horror,2.8,488,2011
237,Movie_236,Drama,3.1,149,2017
238,Movie_237,Action,8.9,243,2016
239,Movie_238,Horror,10.0,160,2008
240,Movie_239,Comedy,9.6,371,2012
241,Movie_240,Action,5.5,225,2003
242,Movie_241,Action,4.5,18,2004
243,Movie_242,Action,4.6,229,2015
244,Movie_243,Drama,7.8,450,2017
245,Movie_244,Drama,3.1,159,2010
246,Movie_245,Drama,8.0,184,2020
247,Movie_246,Action,6.8,260,2019
248,Movie_247,Action,5.1,457,2009
249,Movie_248,Drama,1.9,327,2013
250,Movie_249,Drama,5.2,18,2015
251,Movie_250,Comedy,9.4,60,2010
252,Movie_251,Drama,9.4,257,2006
253,Movie_252,Comedy,6.3,72,2005
254,Movie_253,Drama,8.6,306,2015
255,Movie_254,Comedy,3.8,455,2004
256,Movie_255,Drama,5.9,88,2017
257,Movie_256,Horror,6.4,27,2018
258,Movie_257,Drama,1.2,367,2012
259,Movie_258,Comedy,2.6,351,2010
260,Movie_259,Horror,2.0,478,2008
261,Movie_260,Action,9.4,73,2020
262,Movie_261,Comedy,1.3,214,2018
263,Movie_262,Comedy,9.8,421,2017
264,Movie_263,Horror,3.2,49,2012
265,Movie_264,Action,2.1,158,2019
266,Movie_265,Action,5.0,36,2003
267,Movie_266,Drama,8.0,116,2016
268,Movie_267,Drama,4.9,54,2015
269,Movie_268,Drama,8.8,268,2011
270,Movie_269,Action,3.5,496,2016
271,Movie_270,Drama,5.3,273,2019
272,Movie_271,Action,8.0,429,2002
273,Movie_272,Horror,8.6,208,2001
274,Movie_273,Drama,5.1,13,2003
275,Movie_274,Drama,6.9,448,2021
276,Movie_275,Drama,7.9,133,2009
277,Movie_276,Comedy,6.7,391,2011
278,Movie_277,Action,2.8,74,2012
279,Movie_278,Comedy,8.6,92,2018
280,Movie_279,Drama,8.5,249,2016
281,Movie_280,Drama,4.7,374,2009
282,Movie_281,Action,7.0,351,2009
283,Movie_282,Action,4.8,140,2006
284,Movie_283,Comedy,6.2,10,2019
285,Movie_284,Horror,5.7,233,2023
286,Movie_285,Horror,2.2,342,2000
287,Movie_286,Comedy,9.5,396,2004
288,Movie_287,Drama,3.0,106,2007
289,Movie_288,Horror,8.9,360,2001
290,Movie_289,Horror,3.2,291,2007
291,Movie_290,Comedy,3.1,180,2015
292,Movie_291,Horror,7.2,380,2015
293,Movie_292,Action,8.8,254,2003
294,Movie_293,Horror,2.6,441,2007
295,Movie_294,Horror,5.1,162,2010
296,Movie_295,Horror,2.7,244,2011
297,Movie_296,Drama,9.9,334,2018
298,Movie_297,Action,5.4,245,2023
299,Movie_298,Comedy,8.5,45,2013
300,Movie_299,Drama,4.5,368,2000
301,Movie_300,Action,1.5,467,2017
302,Movie_301,Action,3.6,377,2022
303,Movie_302,Action,9.5,226,2004
304,Movie_303,Drama,1.1,407,2011
305,Movie_304,Comedy,7.0,276,2016
306,Movie_305,Comedy,9.8,244,2021
307,Movie_306,Action,4.5,359,2007
308,Movie_307,Drama,3.8,122,2022
309,Movie_308,Drama,3.2,371,2011
310,Movie_309,Comedy,4.6,261,2018
311,Movie_310,Action,2.4,495,2020
312,Movie_311,Action,3.9,183,2017
313,Movie_312,Horror,5.6,77,2015
314,Movie_313,Action,5.3,468,2020
315,Movie_314,Drama,6.4,269,2009
316,Movie_315,Drama,8.4,319,2003
317,Movie_316,Action,3.8,377,2021
318,Movie_317,Comedy,9.6,66,2004
319,Movie_318,Action,2.5,154,2022
320,Movie_319,Action,9.2,485,2002
321,Movie_320,Horror,5.5,66,2011
322,Movie_321,Horror,4.3,366,2013
323,Movie_322,Drama,4.3,346,2018
324,Movie_323,Comedy,3.8,334,2011
325,Movie_324,Horror,4.8,272,2004
326,Movie_325,Comedy,1.0,224,2002
327,Movie_326,Horror,1.1,234,2000
328,Movie_327,Comedy,3.3,87,2007
329,Movie_328,Horror,5.7,106,2001
330,Movie_329,Drama,2.7,285,2018
331,Movie_330,Drama,5.4,178,2021
332,Movie_331,Horror,6.2,184,2008
333,Movie_332,Comedy,6.3,326,2000
334,Movie_333,Comedy,8.0,42,2020
335,Movie_334,Action,6.5,124,2012
336,Movie_335,Action,6.8,172,2014
337,Movie_336,Drama,6.2,339,2013
338,Movie_337,Comedy,4.3,453,2022
339,Movie_338,Action,2.8,94,2013
340,Movie_339,Horror,6.8,124,2014
341,Movie_340,Horror,3.0,266,2018
342,Movie_341,Action,6.2,14,2003
343,Movie_342,Horror,8.6,309,2019
344,Movie_343,Comedy,6.0,221,2009
345,Movie_344,Comedy,2.5,109,2022
346,Movie_345,Comedy,6.1,418,2022
347,Movie_346,Drama,8.7,263,2020
348,Movie_347,Horror,2.7,189,2009
349,Movie_348,Action,6.5,223,2021
350,Movie_349,Comedy,1.0,456,2009
351,Movie_350,Horror,6.4,342,2019
352,Movie_351,Action,9.2,151,2023
353,Movie_352,Drama,2.1,241,2022
354,Movie_353,Comedy,3.3,31,2017
355,Movie_354,Action,9.2,431,2017
356,Movie_355,Action,2.8,318,2009
357,Movie_356,Drama,7.6,287,2009
358,Movie_357,Drama,6.1,74,2018
359,Movie_358,Action,3.1,354,2016
360,Movie_359,Drama,8.1,344,2022
361,Movie_360,Horror,5.3,294,2016
362,Movie_361,Comedy,8.5,353,2021
363,Movie_362,Comedy,5.4,242,2005
364,Movie_363,Horror,8.1,109,2006
365,Movie_364,Action,4.6,83,2017
366,Movie_365,Horror,8.6,297,2023
367,Movie_366,Action,8.1,387,2022
368,Movie_367,Horror,5.2,282,2012
369,Movie_368,Comedy,2.2,206,2013
370,Movie_369,Drama,1.1,90,2012
371,Movie_370,Drama,6.0,415,2006
372,Movie_371,Horror,2.6,388,2022
373,Movie_372,Comedy,7.3,297,2019
374,Movie_373,Comedy,1.9,193,2000
375,Movie_374,Comedy,2.9,119,2006
376,Movie_375,Drama,1.7,194,2007
377,Movie_376,Action,6.7,140,2015
378,Movie_377,Action,5.6,364,2016
379,Movie_378,Horror,8.9,220,2012
380,Movie_379,Drama,9.7,124,2018
381,Movie_380,Drama,2.6,301,2009
382,Movie_381,Comedy,6.3,489,2015
383,Movie_382,Action,9.0,404,2012
384,Movie_383,Drama,9.7,357,2016
385,Movie_384,Action,8.8,129,2015
386,Movie_385,Comedy,3.6,223,2022
387,Movie_386,Action,9.0,473,2002
388,Movie_387,Comedy,4.0,240,2006
389,Movie_388,Horror,6.8,270,2009
390,Movie_389,Drama,7.3,295,2008
391,Movie_390,Action,1.6,496,2011
392,Movie_391,Horror,2.2,113,2004
393,Movie_392,Action,4.1,407,2010
394,Movie_393,Action,2.8,303,2009
395,Movie_394,Drama,1.3,193,2023
396,Movie_395,Comedy,9.1,385,2004
397,Movie_396,Horror,3.5,187,2015
398,Movie_397,Horror,5.6,238,2017
399,Movie_398,Horror,4.2,69,2013
400,Movie_399,Action,9.2,437,2021
401,Movie_400,Horror,9.4,313,2001
402,Movie_401,Comedy,3.6,276,2022
403,Movie_402,Action,7.7,364,2019
404,Movie_403,Action,4.7,141,2013
405,Movie_404,Action,3.3,442,2005
406,Movie_405,Comedy,6.8,388,2017
407,Movie_406,Horror,1.3,125,2018
408,Movie_407,Drama,5.9,418,2001
409,Movie_408,Horror,9.7,126,2023
410,Movie_409,Drama,7.2,34,2017
411,Movie_410,Drama,3.5,72,2022
412,Movie_411,Comedy,9.9,210,2015
413,Movie_412,Horror,8.3,314,2000
414,Movie_413,Drama,1.1,139,2007
415,Movie_414,Horror,7.8,345,2023
416,Movie_415,Drama,7.9,123,2023
417,Movie_416,Comedy,4.6,198,2020
418,Movie_417,Drama,8.0,205,2014
419,Movie_418,Horror,8.4,43,2009
420,Movie_419,Action,2.2,78,2000
421,Movie_420,Horror,1.6,409,2007
422,Movie_421,Comedy,8.5,384,2009
423,Movie_422,Action,2.0,218,2022
424,Movie_423,Horror,7.4,222,2015
425,Movie_424,Horror,5.1,463,2016
426,Movie_425,Comedy,9.4,55,2017
427,Movie_426,Drama,5.3,122,2002
428,Movie_427,Horror,5.3,418,2019
429,Movie_428,Comedy,7.1,413,2007
430,Movie_429,Drama,4.4,81,2013
431,Movie_430,Action,6.7,497,2016
432,Movie_431,Drama,8.8,281,2016
433,Movie_432,Drama,4.4,10,2016
434,Movie_433,Drama,1.3,313,2023
435,Movie_434,Action,3.3,384,2011
436,Movie_435,Drama,8.8,438,2010
437,Movie_436,Horror,6.8,316,2018
438,Movie_437,Action,6.6,483,2019
439,Movie_438,Comedy,4.1,88,2017
440,Movie_439,Action,8.2,377,2020
441,Movie_440,Horror,3.7,247,2015
442,Movie_441,Action,1.4,116,2023
443,Movie_442,Comedy,9.8,168,2003
444,Movie_443,Comedy,2.7,371,2018
445,Movie_444,Horror,2.9,221,2008
446,Movie_445,Horror,6.0,371,2008
447,Movie_446,Horror,4.1,57,2009
448,Movie_447,Drama,7.5,395,2022
449,Movie_448,Comedy,7.0,132,2020
450,Movie_449,Drama,9.7,101,2020
451,Movie_450,Comedy,8.6,72,2017
452,Movie_451,Horror,4.9,249,2019
453,Movie_452,Action,8.8,409,2016
454,Movie_453,Action,6.8,345,2014
455,Movie_454,Comedy,7.2,268,2000
456,Movie_455,Drama,9.7,389,2002
457,Movie_456,Drama,3.2,411,2019
458,Movie_457,Action,8.1,376,2010
459,Movie_458,Comedy,6.8,243,2013
460,Movie_459,Horror,7.0,309,2005
461,Movie_460,Comedy,4.6,83,2009
462,Movie_461,Action,2.1,466,2013
463,Movie_462,Comedy,8.5,489,2014
464,Movie_463,Drama,2.5,112,2012
465,Movie_464,Comedy,6.6,328,2001
466,Movie_465,Horror,5.7,241,2022
467,Movie_466,Action,4.2,43,2003
468,Movie_467,Drama,2.0,374,2006
469,Movie_468,Comedy,7.0,338,2006
470,Movie_469,Action,7.1,120,2020
471,Movie_470,Comedy,7.9,361,2014
472,Movie_471,Drama,3.3,341,2019
473,Movie_472,Horror,8.9,483,2003
474,Movie_473,Comedy,3.6,252,2017
475,Movie_474,Horror,7.3,412,2009
476,Movie_475,Action,6.2,284,2012
477,Movie_476,Action,4.5,470,2019
478,Movie_477,Comedy,3.6,412,2005
479,Movie_478,Action,2.8,362,2006
480,Movie_479,Horror,7.0,18,2005
481,Movie_480,Comedy,8.4,214,2021
482,Movie_481,Drama,3.8,121,2002
483,Movie_482,Horror,3.5,241,2006
484,Movie_483,Action,2.7,347,2010
485,Movie_484,Comedy,8.6,129,2018
486,Movie_485,Horror,9.8,294,2019
487,Movie_486,Action,2.9,183,2004
488,Movie_487,Comedy,5.5,179,2010
489,Movie_488,Action,5.0,476,2008
490,Movie_489,Horror,6.4,485,2016
491,Movie_490,Drama,5.4,43,2023
492,Movie_491,Drama,3.8,490,2020
493,Movie_492,Comedy,8.6,398,2012
494,Movie_493,Drama,3.6,298,2006
495,Movie_494,Action,3.9,244,2002
496,Movie_495,Action,6.6,209,2016
497,Movie_496,Comedy,3.7,83,2011
498,Movie_497,Comedy,3.6,220,2011
499,Movie_498,Drama,5.4,161,2018
500,Movie_499,Comedy,6.8,198,2007
501,Movie_500,Comedy,5.6,281,2017
502,Movie_501,Drama,7.9,76,2008
503,Movie_502,Action,2.8,83,2001
504,Movie_503,Action,5.6,412,2003
505,Movie_504,Drama,8.9,428,2004
506,Movie_505,Drama,5.4,484,2001
507,Movie_506,Comedy,9.6,450,2020
508,Movie_507,Drama,6.8,366,2007
509,Movie_508,Comedy,1.5,219,2021
510,Movie_509,Horror,3.1,253,2000
511,Movie_510,Action,6.5,235,2004
512,Movie_511,Comedy,5.6,295,2012
513,Movie_512,Horror,7.8,37,2002
514,Movie_513,Comedy,3.1,147,2020
515,Movie_514,Drama,8.0,102,2020
516,Movie_515,Horror,7.9,21,2009
517,Movie_516,Comedy,4.9,327,2018
518,Movie_517,Drama,7.3,262,2017
519,Movie_518,Action,9.6,491,2018
520,Movie_519,Horror,8.2,237,2015
521,Movie_520,Horror,2.0,327,2003
522,Movie_521,Action,8.4,397,2014
523,Movie_522,Drama,6.7,293,2022
524,Movie_523,Horror,1.6,81,2012
525,Movie_524,Comedy,4.4,182,2006
526,Movie_525,Comedy,9.9,339,2016
527,Movie_526,Drama,8.7,408,2017
528,Movie_527,Drama,1.3,63,2006
529,Movie_528,Drama,3.1,205,2014
530,Movie_529,Comedy,6.7,476,2011
531,Movie_530,Comedy,1.3,394,2004
532,Movie_531,Action,5.0,38,2016
533,Movie_532,Comedy,6.5,92,2010
534,Movie_533,Action,6.4,369,2014
535,Movie_534,Horror,9.0,108,2015
536,Movie_535,Comedy,5.7,104,2005
537,Movie_536,Horror,5.1,142,2022
538,Movie_537,Drama,3.9,252,2021
539,Movie_538,Horror,5.1,285,2019
540,Movie_539,Action,2.7,361,2015
541,Movie_540,Drama,2.2,269,2016
542,Movie_541,Action,1.1,439,2011
543,Movie_542,Comedy,3.6,278,2021
544,Movie_543,Drama,8.4,462,2003
545,Movie_544,Drama,1.3,183,2023
546,Movie_545,Drama,7.3,210,2010
547,Movie_546,Action,9.4,427,2006
548,Movie_547,Action,8.5,322,2007
549,Movie_548,Action,7.2,398,2014
550,Movie_549,Horror,5.5,381,2015
551,Movie_550,Horror,6.1,237,2011
552,Movie_551,Action,5.6,421,2001
553,Movie_552,Drama,3.6,39,2018
554,Movie_553,Drama,5.4,49,2014
555,Movie_554,Horror,3.7,37,2003
556,Movie_555,Action,9.3,203,2005
557,Movie_556,Horror,4.3,181,2011
558,Movie_557,Comedy,3.6,369,2006
559,Movie_558,Horror,6.0,213,2022
560,Movie_559,Drama,5.0,173,2015
561,Movie_560,Horror,6.2,69,2013
562,Movie_561,Drama,4.9,477,2015
563,Movie_562,Comedy,6.8,227,2015
564,Movie_563,Comedy,1.3,83,2004
565,Movie_564,Drama,8.7,499,2009
566,Movie_565,Action,6.6,384,2022
567,Movie_566,Drama,5.7,393,2022
568,Movie_567,Horror,3.4,272,2022
569,Movie_568,Drama,5.8,21,2004
570,Movie_569,Drama,4.0,452,2017
571,Movie_570,Comedy,3.8,22,2012
572,Movie_571,Drama,1.9,307,2007
573,Movie_572,Action,4.4,413,2013
574,Movie_573,Action,6.3,66,2005
575,Movie_574,Drama,9.7,127,2004
576,Movie_575,Comedy,4.9,410,2003
577,Movie_576,Drama,7.2,424,2008
578,Movie_577,Drama,5.7,225,2016
579,Movie_578,Comedy,2.6,404,2008
580,Movie_579,Horror,2.1,195,2011
581,Movie_580,Comedy,2.2,58,2012
582,Movie_581,Action,1.7,171,2004
583,Movie_582,Drama,2.7,229,2019
584,Movie_583,Drama,6.9,262,2012
585,Movie_584,Horror,3.9,385,2004
586,Movie_585,Horror,1.6,463,2006
587,Movie_586,Comedy,7.4,323,2002
588,Movie_587,Comedy,7.8,278,2014
589,Movie_588,Drama,8.9,362,2018
590,Movie_589,Comedy,7.9,165,2021
591,Movie_590,Drama,8.7,285,2004
592,Movie_591,Horror,8.2,371,2001
593,Movie_592,Horror,7.1,475,2019
594,Movie_593,Drama,5.8,316,2001
595,Movie_594,Drama,7.3,233,2018
596,Movie_595,Action,7.5,483,2011
597,Movie_596,Drama,8.0,246,2005
598,Movie_597,Horror,7.7,94,2018
599,Movie_598,Horror,6.4,166,2008
600,Movie_599,Action,3.1,234,2020
601,Movie_600,Horror,7.0,317,2008
602,Movie_601,Drama,4.8,481,2001
603,Movie_602,Horror,8.9,378,2018
604,Movie_603,Horror,8.2,309,2011
605,Movie_604,Comedy,4.6,475,2003
606,Movie_605,Drama,7.2,248,2005
607,Movie_606,Comedy,6.3,323,2013
608,Movie_607,Action,2.9,141,2010
609,Movie_608,Horror,8.5,465,2012
610,Movie_609,Drama,7.9,447,2011
611,Movie_610,Comedy,8.8,120,2002
612,Movie_611,Drama,2.8,338,2003
613,Movie_612,Drama,3.1,350,2001
614,Movie_613,Action,4.6,246,2005
615,Movie_614,Comedy,9.4,305,2000
616,Movie_615,Drama,9.9,197,2000
617,Movie_616,Horror,6.1,404,2020
618,Movie_617,Horror,9.4,131,2003
619,Movie_618,Horror,3.8,249,2022
620,Movie_619,Action,9.8,29,2003
621,Movie_620,Horror,4.3,267,2012
622,Movie_621,Drama,4.4,193,2010
623,Movie_622,Horror,6.5,83,2020
624,Movie_623,Action,2.5,70,2013
625,Movie_624,Horror,8.8,354,2012
626,Movie_625,Drama,9.3,103,2005
627,Movie_626,Comedy,6.6,324,2004
628,Movie_627,Comedy,2.1,266,2013
629,Movie_628,Comedy,5.0,211,2021
630,Movie_629,Action,2.8,196,2001
631,Movie_630,Drama,2.3,124,2000
632,Movie_631,Horror,7.0,99,2010
633,Movie_632,Comedy,3.2,314,2023
634,Movie_633,Action,4.3,464,2022
635,Movie_634,Drama,4.1,480,2023
636,Movie_635,Action,8.4,355,2004
637,Movie_636,Drama,8.6,79,2009
638,Movie_637,Action,1.9,96,2003
639,Movie_638,Action,3.5,202,2022
640,Movie_639,Action,5.5,310,2005
641,Movie_640,Drama,8.2,285,2022
642,Movie_641,Comedy,1.2,173,2010
643,Movie_642,Horror,5.9,79,2018
644,Movie_643,Action,1.4,321,2015
645,Movie_644,Action,5.9,84,2022
646,Movie_645,Action,9.4,15,2019
647,Movie_646,Drama,2.2,305,2002
648,Movie_647,Action,2.1,333,2007
649,Movie_648,Drama,5.4,59,2006
650,Movie_649,Action,3.4,247,2019
651,Movie_650,Drama,1.1,15,2014
652,Movie_651,Drama,2.2,233,2010
653,Movie_652,Comedy,8.1,467,2023
654,Movie_653,Horror,9.5,67,2008
655,Movie_654,Drama,9.8,314,2019
656,Movie_655,Action,5.3,28,2013
657,Movie_656,Action,2.5,311,2014
658,Movie_657,Horror,7.1,355,2012
659,Movie_658,Comedy,9.5,439,2008
660,Movie_659,Comedy,5.0,70,2003
661,Movie_660,Comedy,3.1,383,2023
662,Movie_661,Comedy,7.5,454,2019
663,Movie_662,Action,2.3,327,2006
664,Movie_663,Drama,1.9,346,2003
665,Movie_664,Horror,6.7,121,2003
666,Movie_665,Horror,1.8,463,2005
667,Movie_666,Comedy,2.2,424,2023
668,Movie_667,Comedy,9.6,17,2015
669,Movie_668,Drama,6.7,421,2018
670,Movie_669,Comedy,10.0,490,2016
671,Movie_670,Drama,8.0,187,2005
672,Movie_671,Comedy,1.2,493,2021
673,Movie_672,Horror,2.9,34,2016
674,Movie_673,Horror,2.1,320,2014
675,Movie_674,Comedy,6.2,439,2014
676,Movie_675,Comedy,9.2,28,2004
677,Movie_676,Comedy,8.2,445,2008
678,Movie_677,Drama,8.1,481,2019
679,Movie_678,Drama,7.2,494,2016
680,Movie_679,Action,3.1,442,2002
681,Movie_680,Drama,9.5,348,2009
682,Movie_681,Action,1.4,90,2001
683,Movie_682,Comedy,3.1,426,2010
684,Movie_683,Drama,5.4,458,2009
685,Movie_684,Action,8.6,318,2013
686,Movie_685,Drama,8.6,147,2021
687,Movie_686,Action,2.2,362,2000
688,Movie_687,Drama,7.8,84,2021
689,Movie_688,Drama,3.6,316,2019
690,Movie_689,Action,7.9,222,2008
691,Movie_690,Horror,8.5,108,2016
692,Movie_691,Drama,4.4,449,2021
693,Movie_692,Drama,7.3,302,2021
694,Movie_693,Action,9.3,79,2005
695,Movie_694,Horror,5.2,205,2000
696,Movie_695,Drama,7.6,407,2004
697,Movie_696,Horror,1.1,286,2007
698,Movie_697,Action,1.4,317,2020
699,Movie_698,Drama,5.7,484,2018
700,Movie_699,Action,3.6,95,2007
701,Movie_700,Drama,2.8,51,2013
702,Movie_701,Comedy,2.3,236,2001
703,Movie_702,Comedy,3.4,445,2018
704,Movie_703,Action,3.6,33,2018
705,Movie_704,Horror,7.6,271,2021
706,Movie_705,Drama,2.2,21,2012
707,Movie_706,Comedy,6.7,146,2020
708,Movie_707,Comedy,2.7,271,2014
709,Movie_708,Comedy,6.6,387,2018
710,Movie_709,Action,1.5,485,2015
711,Movie_710,Horror,4.8,198,2019
712,Movie_711,Drama,7.8,81,2012
713,Movie_712,Horror,3.1,199,2019
714,Movie_713,Comedy,9.2,123,2003
715,Movie_714,Action,3.1,491,2019
716,Movie_715,Horror,9.7,335,2010
717,Movie_716,Action,3.8,411,2008
718,Movie_717,Drama,6.6,204,2007
719,Movie_718,Drama,2.3,375,2008
720,Movie_719,Horror,8.0,188,2007
721,Movie_720,Drama,2.6,85,2021
722,Movie_721,Horror,1.3,307,2023
723,Movie_722,Comedy,4.2,271,2023
724,Movie_723,Comedy,3.6,358,2005
725,Movie_724,Comedy,9.3,399,2000
726,Movie_725,Comedy,3.0,321,2022
727,Movie_726,Action,6.7,472,2000
728,Movie_727,Drama,1.5,136,2023
729,Movie_728,Comedy,9.1,141,2002
730,Movie_729,Horror,6.7,432,2001
731,Movie_730,Horror,5.2,298,2023
732,Movie_731,Horror,1.8,306,2000
733,Movie_732,Drama,9.8,119,2017
734,Movie_733,Horror,7.8,339,2023
735,Movie_734,Action,9.3,175,2023
736,Movie_735,Drama,6.2,332,2011
737,Movie_736,Action,5.0,298,2017
738,Movie_737,Drama,2.1,152,2000
739,Movie_738,Horror,1.0,425,2014
740,Movie_739,Drama,4.9,307,2006
741,Movie_740,Action,5.0,395,2021
742,Movie_741,Action,3.0,415,2018
743,Movie_742,Drama,3.8,483,2003
744,Movie_743,Comedy,3.3,245,2014
745,Movie_744,Comedy,3.3,76,2011
746,Movie_745,Action,9.3,213,2020
747,Movie_746,Action,7.8,211,2015
748,Movie_747,Action,4.2,242,2020
749,Movie_748,Horror,5.3,286,2013
750,Movie_749,Comedy,9.1,86,2006
751,Movie_750,Horror,7.9,185,2020
752,Movie_751,Comedy,2.7,136,2004
753,Movie_752,Action,4.0,281,2016
754,Movie_753,Horror,1.5,35,2014
755,Movie_754,Action,3.8,342,2008
756,Movie_755,Action,9.3,311,2016
757,Movie_756,Comedy,1.1,309,2002
758,Movie_757,Drama,9.0,121,2007
759,Movie_758,Comedy,7.5,137,2003
760,Movie_759,Horror,1.1,144,2012
761,Movie_760,Drama,5.6,119,2016
762,Movie_761,Drama,4.2,291,2001
763,Movie_762,Horror,6.3,104,2019
764,Movie_763,Drama,8.5,252,2022
765,Movie_764,Comedy,8.8,182,2022
766,Movie_765,Horror,8.9,324,2023
767,Movie_766,Action,9.4,200,2002
768,Movie_767,Horror,9.2,403,2004
769,Movie_768,Horror,7.5,196,2002
770,Movie_769,Horror,4.7,484,2002
771,Movie_770,Action,6.8,440,2005
772,Movie_771,Horror,4.5,50,2012
773,Movie_772,Drama,3.0,294,2002
774,Movie_773,Action,4.8,24,2003
775,Movie_774,Horror,9.3,436,2012
776,Movie_775,Comedy,2.7,42,2011
777,Movie_776,Comedy,1.1,422,2019
778,Movie_777,Action,3.5,360,2000
779,Movie_778,Action,8.3,143,2014
780,Movie_779,Horror,7.7,344,2022
781,Movie_780,Comedy,8.9,382,2023
782,Movie_781,Drama,7.5,232,2008
783,Movie_782,Comedy,6.6,122,2002
784,Movie_783,Action,8.5,313,2010
785,Movie_784,Drama,6.6,484,2007
786,Movie_785,Horror,8.3,46,2012
787,Movie_786,Comedy,3.7,146,2006
788,Movie_787,Comedy,8.7,229,2010
789,Movie_788,Horror,2.5,354,2015
790,Movie_789,Comedy,4.0,404,2015
791,Movie_790,Drama,3.3,168,2003
792,Movie_791,Horror,8.4,26,2000
793,Movie_792,Horror,2.7,494,2009
794,Movie_793,Comedy,2.2,17,2021
795,Movie_794,Action,4.4,433,2006
796,Movie_795,Drama,5.4,421,2001
797,Movie_796,Action,6.5,201,2018
798,Movie_797,Comedy,2.6,360,2021
799,Movie_798,Horror,6.3,188,2018
800,Movie_799,Action,4.3,78,2004
801,Movie_800,Drama,7.2,320,2003
802,Movie_801,Action,9.7,123,2007
803,Movie_802,Horror,2.5,414,2012
804,Movie_803,Action,8.1,385,2004
805,Movie_804,Horror,1.1,162,2007
806,Movie_805,Action,1.1,155,2002
807,Movie_806,Action,2.4,248,2017
808,Movie_807,Action,2.3,131,2008
809,Movie_808,Drama,9.8,351,2019
810,Movie_809,Comedy,2.1,426,2009
811,Movie_810,Drama,7.1,470,2001
812,Movie_811,Horror,9.0,314,2004
813,Movie_812,Action,7.7,292,2011
814,Movie_813,Action,1.1,410,2003
815,Movie_814,Drama,6.9,251,2007
816,Movie_815,Action,6.5,179,2022
817,Movie_816,Horror,4.9,281,2000
818,Movie_817,Comedy,8.6,343,2003
819,Movie_818,Drama,5.8,38,2006
820,Movie_819,Horror,9.7,419,2008
821,Movie_820,Horror,4.7,54,2022
822,Movie_821,Drama,5.7,23,2019
823,Movie_822,Horror,1.6,459,2007
824,Movie_823,Horror,9.2,178,2022
825,Movie_824,Drama,9.3,93,2004
826,Movie_825,Comedy,9.4,262,2002
827,Movie_826,Comedy,5.9,93,2019
828,Movie_827,Drama,5.2,235,2009
829,Movie_828,Comedy,8.8,243,2023
830,Movie_829,Horror,9.8,362,2007
831,Movie_830,Drama,7.7,65,2001
832,Movie_831,Comedy,6.2,411,2008
833,Movie_832,Drama,1.2,145,2014
834,Movie_833,Action,10.0,290,2020
835,Movie_834,Comedy,9.5,413,2016
836,Movie_835,Horror,8.5,267,2023
837,Movie_836,Horror,4.0,186,2005
838,Movie_837,Drama,8.1,444,2004
839,Movie_838,Drama,7.3,432,2020
840,Movie_839,Comedy,1.8,317,2012
841,Movie_840,Drama,2.2,487,2004
842,Movie_841,Action,5.7,341,2002
843,Movie_842,Action,6.1,46,2014
844,Movie_843,Action,3.6,20,2005
845,Movie_844,Action,9.6,60,2005
846,Movie_845,Drama,2.3,240,2014
847,Movie_846,Comedy,3.8,376,2013
848,Movie_847,Action,6.5,154,2013
849,Movie_848,Comedy,1.8,311,2000
850,Movie_849,Drama,1.2,100,2006
851,Movie_850,Drama,10.0,52,2016
852,Movie_851,Drama,5.9,449,2021
853,Movie_852,Horror,6.8,24,2018
854,Movie_853,Horror,5.5,484,2014
855,Movie_854,Drama,6.0,144,2021
856,Movie_855,Comedy,1.5,363,2012
857,Movie_856,Action,8.1,436,2017
858,Movie_857,Comedy,5.8,298,2019
859,Movie_858,Horror,3.5,309,2004
860,Movie_859,Drama,1.2,144,2009
861,Movie_860,Action,2.7,300,2022
862,Movie_861,Horror,4.0,278,2017
863,Movie_862,Drama,9.9,489,2007
864,Movie_863,Comedy,9.1,86,2009
865,Movie_864,Drama,6.1,295,2017
866,Movie_865,Action,7.4,430,2018
867,Movie_866,Action,4.3,443,2017
868,Movie_867,Drama,2.8,414,2003
869,Movie_868,Action,7.7,489,2014
870,Movie_869,Action,3.4,182,2002
871,Movie_870,Horror,7.1,217,2008
872,Movie_871,Drama,3.5,122,2005
873,Movie_872,Drama,6.6,131,2016
874,Movie_873,Drama,8.1,182,2023
875,Movie_874,Drama,4.8,233,2002
876,Movie_875,Comedy,1.9,489,2001
877,Movie_876,Horror,4.8,87,2019
878,Movie_877,Comedy,7.4,89,2009
879,Movie_878,Comedy,7.8,370,2009
880,Movie_879,Comedy,5.9,240,2016
881,Movie_880,Horror,8.3,141,2015
882,Movie_881,Comedy,9.1,294,2012
883,Movie_882,Comedy,8.5,307,2018
884,Movie_883,Comedy,3.8,370,2018
885,Movie_884,Horror,5.8,252,2013
886,Movie_885,Comedy,6.3,292,2019
887,Movie_886,Drama,9.4,231,2017
888,Movie_887,Drama,7.7,183,2018
889,Movie_888,Action,7.7,250,2008
890,Movie_889,Drama,2.8,86,2013
891,Movie_890,Drama,3.3,479,2018
892,Movie_891,Drama,5.4,140,2007
893,Movie_892,Action,2.3,77,2014
894,Movie_893,Comedy,6.7,244,2018
895,Movie_894,Drama,6.7,357,2014
896,Movie_895,Drama,5.7,229,2015
897,Movie_896,Drama,6.6,127,2020
898,Movie_897,Drama,2.0,192,2008
899,Movie_898,Comedy,10.0,147,2017
900,Movie_899,Drama,7.3,339,2017
901,Movie_900,Drama,8.6,463,2014
902,Movie_901,Action,1.6,99,2013
903,Movie_902,Drama,2.7,279,2000
904,Movie_903,Horror,8.5,189,2010
905,Movie_904,Action,7.3,405,2009
906,Movie_905,Drama,7.6,254,2007
907,Movie_906,Action,1.6,397,2006
908,Movie_907,Horror,3.8,227,2021
909,Movie_908,Horror,7.3,289,2015
910,Movie_909,Horror,4.3,216,2023
911,Movie_910,Drama,9.3,396,2000
912,Movie_911,Action,5.2,488,2005
913,Movie_912,Horror,1.9,396,2009
914,Movie_913,Comedy,3.6,315,2008
915,Movie_914,Comedy,4.7,291,2018
916,Movie_915,Horror,2.6,429,2010
917,Movie_916,Comedy,4.7,45,2019
918,Movie_917,Action,8.7,291,2001
919,Movie_918,Action,6.9,434,2021
920,Movie_919,Horror,6.0,433,2008
921,Movie_920,Action,4.9,230,2021
922,Movie_921,Drama,9.0,415,2022
923,Movie_922,Horror,5.3,428,2016
924,Movie_923,Horror,6.4,305,2022
925,Movie_924,Drama,3.4,466,2011
926,Movie_925,Drama,3.2,433,2003
927,Movie_926,Action,1.1,245,2011
928,Movie_927,Horror,9.2,323,2005
929,Movie_928,Action,3.2,283,2019
930,Movie_929,Horror,9.7,446,2016
931,Movie_930,Comedy,3.4,60,2004
932,Movie_931,Drama,8.0,219,2011
933,Movie_932,Horror,6.9,342,2016
934,Movie_933,Drama,5.8,291,2009
935,Movie_934,Horror,2.7,363,2015
936,Movie_935,Comedy,8.4,265,2020
937,Movie_936,Horror,9.6,353,2017
938,Movie_937,Drama,2.4,148,2020
939,Movie_938,Comedy,2.7,302,2016
940,Movie_939,Drama,4.8,197,2013
941,Movie_940,Action,1.4,306,2002
942,Movie_941,Action,1.4,175,2001
943,Movie_942,Horror,1.9,433,2004
944,Movie_943,Drama,2.3,336,2005
945,Movie_944,Comedy,1.8,183,2016
946,Movie_945,Drama,2.8,84,2012
947,Movie_946,Drama,6.8,486,2002
948,Movie_947,Action,6.3,49,2013
949,Movie_948,Action,4.4,389,2002
950,Movie_949,Drama,8.0,487,2016
951,Movie_950,Horror,2.7,114,2017
952,Movie_951,Action,5.4,457,2000
953,Movie_952,Action,3.0,252,2012
954,Movie_953,Horror,7.2,351,2007
955,Movie_954,Action,7.3,393,2005
956,Movie_955,Action,9.5,33,2001
957,Movie_956,Comedy,2.5,301,2018
958,Movie_957,Drama,2.1,429,2019
959,Movie_958,Horror,9.5,71,2003
960,Movie_959,Action,2.0,11,2016
961,Movie_960,Action,9.3,309,2001
962,Movie_961,Comedy,8.1,122,2021
963,Movie_962,Comedy,2.7,284,2007
964,Movie_963,Comedy,8.5,231,2006
965,Movie_964,Action,1.3,351,2001
966,Movie_965,Comedy,6.1,228,2013
967,Movie_966,Horror,4.7,112,2011
968,Movie_967,Drama,4.2,102,2007
969,Movie_968,Horror,8.0,36,2003
970,Movie_969,Comedy,4.9,361,2003
971,Movie_970,Horror,8.4,458,2023
972,Movie_971,Drama,1.1,480,2017
973,Movie_972,Action,5.8,444,2010
974,Movie_973,Comedy,6.8,259,2019
975,Movie_974,Drama,3.9,330,2008
976,Movie_975,Action,8.7,246,2015
977,Movie_976,Horror,7.1,237,2014
978,Movie_977,Horror,2.6,232,2002
979,Movie_978,Comedy,4.0,419,2008
980,Movie_979,Comedy,2.1,105,2000
981,Movie_980,Horror,6.2,337,2006
982,Movie_981,Comedy,8.8,364,2002
983,Movie_982,Horror,9.9,177,2018
984,Movie_983,Action,6.0,316,2006
985,Movie_984,Action,1.4,152,2002
986,Movie_985,Horror,8.3,286,2006
987,Movie_986,Drama,5.5,117,2000
988,Movie_987,Action,2.4,115,2022
989,Movie_988,Comedy,2.1,462,2018
990,Movie_989,Drama,7.9,431,2013
991,Movie_990,Comedy,1.4,54,2017
992,Movie_991,Drama,3.7,298,2020
993,Movie_992,Comedy,8.6,76,2003
994,Movie_993,Drama,6.6,158,2005
995,Movie_994,Comedy,5.8,345,2014
996,Movie_995,Action,9.2,84,2015
997,Movie_996,Comedy,5.5,486,2018
998,Movie_997,Horror,5.1,300,2014
999,Movie_998,Horror,9.5,249,2019
1000,Movie_999,Horror,1.3,63,2002
1001,Movie_1000,Horror,6.3,109,2022
1002,Movie_1001,Horror,8.0,47,2020
1003,Movie_1002,Comedy,6.0,96,2014
1004,Movie_1003,Horror,2.7,315,2008
1005,Movie_1004,Comedy,4.3,52,2014
1006,Movie_1005,Comedy,7.2,483,2018
1007,Movie_1006,Horror,8.0,35,2023
1008,Movie_1007,Comedy,4.1,331,2005
1009,Movie_1008,Horror,2.5,274,2010
1010,Movie_1009,Drama,2.2,443,2009
1011,Movie_1010,Horror,7.0,406,2016
1012,Movie_1011,Drama,7.9,21,2001
1013,Movie_1012,Drama,10.0,18,2008
1014,Movie_1013,Drama,7.5,109,2012
1015,Movie_1014,Horror,7.8,494,2001
1016,Movie_1015,Action,1.2,372,2019
1017,Movie_1016,Horror,5.4,55,2008
1018,Movie_1017,Horror,7.1,112,2008
1019,Movie_1018,Action,1.4,446,2007
1020,Movie_1019,Horror,3.7,279,2003
1021,Movie_1020,Action,5.4,257,2021
1022,Movie_1021,Drama,7.3,262,2021
1023,Movie_1022,Drama,1.0,486,2002
1024,Movie_1023,Drama,1.6,327,2013
1025,Movie_1024,Horror,3.3,258,2008
1026,Movie_1025,Horror,3.5,271,2003
1027,Movie_1026,Action,1.4,184,2001
1028,Movie_1027,Drama,1.9,15,2020
1029,Movie_1028,Drama,3.2,118,2011
1030,Movie_1029,Drama,9.7,322,2014
1031,Movie_1030,Drama,10.0,129,2015
1032,Movie_1031,Drama,6.8,184,2002
1033,Movie_1032,Horror,9.5,453,2009
1034,Movie_1033,Horror,9.8,325,2001
1035,Movie_1034,Comedy,8.9,197,2021
1036,Movie_1035,Horror,9.7,411,2015
1037,Movie_1036,Drama,4.5,20,2010
1038,Movie_1037,Action,4.1,148,2013
1039,Movie_1038,Horror,1.1,155,2023
1040,Movie_1039,Action,3.2,33,2005
1041,Movie_1040,Comedy,6.4,217,2018
1042,Movie_1041,Action,3.0,379,2016
1043,Movie_1042,Action,6.9,461,2023
1044,Movie_1043,Comedy,5.2,454,2017
1045,Movie_1044,Horror,4.5,327,2005
1046,Movie_1045,Horror,2.5,300,2001
1047,Movie_1046,Horror,6.6,230,2014
1048,Movie_1047,Action,8.7,229,2013
1049,Movie_1048,Action,3.9,218,2016
1050,Movie_1049,Drama,8.0,406,2013
1051,Movie_1050,Comedy,9.3,24,2018
1052,Movie_1051,Comedy,9.5,435,2016
1053,Movie_1052,Horror,3.1,244,2021
1054,Movie_1053,Comedy,7.1,102,2010
1055,Movie_1054,Action,4.1,400,2023
1056,Movie_1055,Horror,7.3,406,2002
1057,Movie_1056,Comedy,9.7,221,2000
1058,Movie_1057,Action,2.2,476,2018
1059,Movie_1058,Drama,5.8,347,2018
1060,Movie_1059,Drama,3.6,423,2014
1061,Movie_1060,Horror,2.5,174,2005
1062,Movie_1061,Comedy,5.6,110,2004
1063,Movie_1062,Action,1.9,494,2003
1064,Movie_1063,Drama,8.7,62,2006
1065,Movie_1064,Action,1.7,35,2000
1066,Movie_1065,Comedy,2.0,318,2016
1067,Movie_1066,Action,3.0,402,2022
1068,Movie_1067,Action,4.9,242,2012
1069,Movie_1068,Comedy,8.9,270,2005
1070,Movie_1069,Drama,9.1,105,2022
1071,Movie_1070,Drama,6.6,413,2014
1072,Movie_1071,Action,8.0,121,2020
1073,Movie_1072,Horror,8.4,179,2007
1074,Movie_1073,Comedy,6.1,52,2019
1075,Movie_1074,Drama,2.9,304,2013
1076,Movie_1075,Horror,3.7,23,2003
1077,Movie_1076,Comedy,4.8,225,2006
1078,Movie_1077,Comedy,3.1,458,2013
1079,Movie_1078,Action,1.5,489,2016
1080,Movie_1079,Action,8.4,210,2002
1081,Movie_1080,Action,3.9,50,2017
1082,Movie_1081,Horror,5.4,49,2002
1083,Movie_1082,Horror,3.9,149,2006
1084,Movie_1083,Drama,7.2,398,2023
1085,Movie_1084,Action,5.3,377,2017
1086,Movie_1085,Comedy,2.4,212,2017
1087,Movie_1086,Action,8.6,450,2002
1088,Movie_1087,Drama,5.0,421,2019
1089,Movie_1088,Horror,1.0,41,2013
1090,Movie_1089,Action,3.4,441,2004
1091,Movie_1090,Action,2.0,391,2007
1092,Movie_1091,Comedy,1.5,100,2002
1093,Movie_1092,Comedy,7.9,271,2012
1094,Movie_1093,Action,6.7,397,2001
1095,Movie_1094,Comedy,3.4,335,2015
1096,Movie_1095,Action,1.1,269,2005
1097,Movie_1096,Action,7.7,179,2018
1098,Movie_1097,Drama,3.6,49,2002
1099,Movie_1098,Action,7.4,184,2009
1100,Movie_1099,Comedy,9.4,146,2007
1101,Movie_1100,Horror,3.6,149,2002
1102,Movie_1101,Comedy,6.0,79,2015
1103,Movie_1102,Horror,2.7,55,2017
1104,Movie_1103,Comedy,6.1,302,2018
1105,Movie_1104,Comedy,8.5,328,2012
1106,Movie_1105,Action,7.9,179,2016
1107,Movie_1106,Comedy,9.5,235,2015
1108,Movie_1107,Horror,5.9,70,2009
1109,Movie_1108,Action,7.0,237,2013
1110,Movie_1109,Action,6.0,230,2014
1111,Movie_1110,Drama,2.0,52,2017
1112,Movie_1111,Comedy,4.9,10,2015
1113,Movie_1112,Comedy,2.0,186,2021
1114,Movie_1113,Comedy,4.3,239,2000
1115,Movie_1114,Comedy,7.2,130,2016
1116,Movie_1115,Drama,4.6,431,2007
1117,Movie_1116,Action,9.4,240,2002
1118,Movie_1117,Drama,4.9,414,2006
1119,Movie_1118,Comedy,1.3,348,2023
1120,Movie_1119,Comedy,7.4,389,2020
1121,Movie_1120,Comedy,3.3,293,2008
1122,Movie_1121,Comedy,3.2,410,2000
1123,Movie_1122,Drama,3.9,491,2019
1124,Movie_1123,Horror,2.0,461,2010
1125,Movie_1124,Drama,7.1,470,2005
1126,Movie_1125,Comedy,8.7,121,2004
1127,Movie_1126,Comedy,4.9,142,2001
1128,Movie_1127,Action,1.0,242,2014
1129,Movie_1128,Comedy,8.8,386,2001
1130,Movie_1129,Drama,3.1,322,2006
1131,Movie_1130,Action,5.0,278,2009
1132,Movie_1131,Drama,3.2,146,2011
1133,Movie_1132,Action,1.5,17,2008
1134,Movie_1133,Drama,5.8,15,2007
1135,Movie_1134,Action,1.7,307,2020
1136,Movie_1135,Drama,1.9,15,2007
1137,Movie_1136,Comedy,8.8,100,2012
1138,Movie_1137,Horror,1.9,242,2021
1139,Movie_1138,Horror,6.0,339,2013
1140,Movie_1139,Action,1.3,306,2007
1141,Movie_1140,Comedy,7.4,495,2009
1142,Movie_1141,Action,1.7,447,2022
1143,Movie_1142,Action,3.2,86,2008
1144,Movie_1143,Horror,7.9,344,2021
1145,Movie_1144,Horror,5.1,255,2021
1146,Movie_1145,Drama,1.9,113,2004
1147,Movie_1146,Horror,3.5,143,2009
1148,Movie_1147,Action,3.7,326,2014
1149,Movie_1148,Horror,4.7,30,2006
1150,Movie_1149,Horror,5.2,268,2022
1151,Movie_1150,Drama,3.2,319,2016
1152,Movie_1151,Comedy,8.5,432,2003
1153,Movie_1152,Horror,2.8,82,2001
1154,Movie_1153,Comedy,1.4,359,2008
1155,Movie_1154,Horror,6.6,356,2023
1156,Movie_1155,Action,6.7,85,2005
1157,Movie_1156,Comedy,1.8,210,2020
1158,Movie_1157,Action,9.2,434,2023
1159,Movie_1158,Drama,7.0,206,2000
1160,Movie_1159,Comedy,5.4,170,2008
1161,Movie_1160,Horror,4.3,111,2018
1162,Movie_1161,Comedy,6.1,428,2022
1163,Movie_1162,Action,2.1,178,2002
1164,Movie_1163,Drama,7.6,447,2017
1165,Movie_1164,Horror,8.9,411,2023
1166,Movie_1165,Drama,1.8,242,2023
1167,Movie_1166,Drama,6.4,312,2016
1168,Movie_1167,Comedy,9.1,132,2018
1169,Movie_1168,Action,8.1,115,2015
1170,Movie_1169,Comedy,9.8,142,2008
1171,Movie_1170,Comedy,8.9,293,2023
1172,Movie_1171,Comedy,3.0,81,2004
1173,Movie_1172,Comedy,3.7,341,2009
1174,Movie_1173,Action,9.1,235,2014
1175,Movie_1174,Action,5.3,125,2017
1176,Movie_1175,Drama,4.6,497,2017
1177,Movie_1176,Action,7.4,264,2004
1178,Movie_1177,Drama,3.9,488,2023
1179,Movie_1178,Horror,5.0,104,2015
1180,Movie_1179,Drama,5.0,324,2023
1181,Movie_1180,Horror,2.5,495,2005
1182,Movie_1181,Action,1.6,22,2000
1183,Movie_1182,Horror,7.1,369,2001
1184,Movie_1183,Action,1.6,275,2006
1185,Movie_1184,Horror,3.1,416,2016
1186,Movie_1185,Action,8.2,347,2015
1187,Movie_1186,Comedy,5.9,141,2011
1188,Movie_1187,Action,4.3,325,2004
1189,Movie_1188,Horror,4.1,125,2022
1190,Movie_1189,Comedy,1.7,385,2002
1191,Movie_1190,Comedy,1.3,268,2010
1192,Movie_1191,Horror,2.8,116,2001
1193,Movie_1192,Action,5.3,457,2004
1194,Movie_1193,Horror,8.7,94,2020
1195,Movie_1194,Comedy,6.6,499,2015
1196,Movie_1195,Drama,3.9,123,2014
1197,Movie_1196,Comedy,5.4,96,2015
1198,Movie_1197,Horror,3.5,93,2018
1199,Movie_1198,Horror,1.1,10,2019
1200,Movie_1199,Drama,1.9,66,2011
1201,Movie_1200,Action,1.3,113,2007
1202,Movie_1201,Action,1.3,116,2017
1203,Movie_1202,Horror,7.4,91,2008
1204,Movie_1203,Drama,6.4,221,2019
1205,Movie_1204,Action,1.5,117,2009
1206,Movie_1205,Comedy,6.5,461,2000
1207,Movie_1206,Comedy,1.4,375,2015
1208,Movie_1207,Action,6.1,363,2010
1209,Movie_1208,Drama,3.4,193,2010
1210,Movie_1209,Horror,8.8,181,2001
1211,Movie_1210,Drama,3.2,266,2021
1212,Movie_1211,Comedy,8.1,343,2019
1213,Movie_1212,Horror,9.2,140,2000
1214,Movie_1213,Drama,5.1,34,2020
1215,Movie_1214,Horror,7.4,222,2010
1216,Movie_1215,Comedy,7.8,427,2012
1217,Movie_1216,Comedy,4.3,267,2001
1218,Movie_1217,Drama,7.2,435,2017
1219,Movie_1218,Comedy,8.7,133,2013
1220,Movie_1219,Horror,5.9,420,2011
1221,Movie_1220,Horror,1.4,242,2000
1222,Movie_1221,Comedy,6.7,375,2001
1223,Movie_1222,Horror,9.8,80,2003
1224,Movie_1223,Drama,4.2,72,2002
1225,Movie_1224,Drama,2.6,300,2021
1226,Movie_1225,Action,3.5,403,2017
1227,Movie_1226,Drama,8.5,328,2014
1228,Movie_1227,Drama,2.6,227,2018
1229,Movie_1228,Action,1.1,313,2004
1230,Movie_1229,Comedy,2.9,416,2018
1231,Movie_1230,Horror,3.6,212,2015
1232,Movie_1231,Comedy,2.7,228,2020
1233,Movie_1232,Action,1.8,154,2002
1234,Movie_1233,Drama,6.6,482,2001
1235,Movie_1234,Drama,3.9,305,2023
1236,Movie_1235,Horror,4.5,175,2010
1237,Movie_1236,Drama,6.8,111,2021
1238,Movie_1237,Horror,5.7,496,2022
1239,Movie_1238,Drama,5.9,407,2003
1240,Movie_1239,Horror,3.5,476,2011
1241,Movie_1240,Horror,6.0,365,2018
1242,Movie_1241,Comedy,3.8,192,2017
1243,Movie_1242,Action,6.6,326,2007
1244,Movie_1243,Horror,9.6,413,2023
1245,Movie_1244,Comedy,8.0,53,2004
1246,Movie_1245,Horror,5.6,336,2020
1247,Movie_1246,Drama,2.7,69,2020
1248,Movie_1247,Action,1.6,87,2009
1249,Movie_1248,Horror,9.9,285,2000
1250,Movie_1249,Comedy,7.6,10,2006
1251,Movie_1250,Comedy,7.7,169,2001
1252,Movie_1251,Drama,7.0,488,2008
1253,Movie_1252,Comedy,1.8,413,2021
1254,Movie_1253,Drama,7.9,22,2022
1255,Movie_1254,Action,9.6,88,2002
1256,Movie_1255,Action,3.0,353,2006
1257,Movie_1256,Drama,4.8,313,2007
1258,Movie_1257,Action,2.7,469,2017
1259,Movie_1258,Drama,9.1,83,2003
1260,Movie_1259,Action,5.9,260,2002
1261,Movie_1260,Action,9.8,271,2021
1262,Movie_1261,Comedy,3.0,273,2005
1263,Movie_1262,Horror,8.0,87,2010
1264,Movie_1263,Drama,2.8,265,2001
1265,Movie_1264,Comedy,3.8,192,2001
1266,Movie_1265,Drama,3.1,216,2021
1267,Movie_1266,Comedy,2.9,443,2020
1268,Movie_1267,Drama,7.9,250,2021
1269,Movie_1268,Comedy,7.3,466,2004
1270,Movie_1269,Drama,3.3,488,2000
1271,Movie_1270,Horror,4.8,452,2000
1272,Movie_1271,Drama,6.5,411,2019
1273,Movie_1272,Horror,1.6,468,2004
1274,Movie_1273,Horror,3.5,202,2009
1275,Movie_1274,Drama,9.0,28,2021
1276,Movie_1275,Drama,10.0,429,2020
1277,Movie_1276,Horror,1.7,281,2000
1278,Movie_1277,Horror,2.8,295,2008
1279,Movie_1278,Horror,3.0,499,2002
1280,Movie_1279,Action,5.2,229,2007
1281,Movie_1280,Horror,2.5,449,2009
1282,Movie_1281,Drama,10.0,34,2014
1283,Movie_1282,Action,2.2,292,2006
1284,Movie_1283,Horror,5.7,435,2022
1285,Movie_1284,Comedy,4.0,363,2012
1286,Movie_1285,Horror,6.4,312,2007
1287,Movie_1286,Horror,2.8,112,2013
1288,Movie_1287,Comedy,3.6,133,2012
1289,Movie_1288,Drama,6.6,11,2018
1290,Movie_1289,Drama,5.7,128,2011
1291,Movie_1290,Comedy,7.9,56,2023
1292,Movie_1291,Horror,5.0,490,2014
1293,Movie_1292,Horror,4.5,337,2007
1294,Movie_1293,Horror,2.2,137,2018
1295,Movie_1294,Comedy,3.7,97,2008
1296,Movie_1295,Action,9.8,263,2012
1297,Movie_1296,Action,1.7,433,2017
1298,Movie_1297,Action,3.0,157,2002
1299,Movie_1298,Drama,1.9,259,2007
1300,Movie_1299,Comedy,7.6,226,2020
1301,Movie_1300,Comedy,5.3,98,2010
1302,Movie_1301,Comedy,4.0,283,2014
1303,Movie_1302,Action,3.5,351,2009
1304,Movie_1303,Horror,7.4,299,2010
1305,Movie_1304,Horror,5.9,334,2015
1306,Movie_1305,Action,7.4,351,2016
1307,Movie_1306,Comedy,5.3,303,2004
1308,Movie_1307,Comedy,1.5,385,2015
1309,Movie_1308,Horror,2.5,27,2015
1310,Movie_1309,Horror,6.1,25,2007
1311,Movie_1310,Drama,5.5,362,2017
1312,Movie_1311,Comedy,1.0,470,2020
1313,Movie_1312,Drama,4.6,294,2007
1314,Movie_1313,Drama,5.9,108,2003
1315,Movie_1314,Horror,3.0,21,2004
1316,Movie_1315,Action,3.0,21,2017
1317,Movie_1316,Horror,8.4,155,2003
1318,Movie_1317,Drama,7.5,30,2008
1319,Movie_1318,Horror,1.1,281,2013
1320,Movie_1319,Drama,6.6,131,2009
1321,Movie_1320,Action,9.8,72,2013
1322,Movie_1321,Action,2.8,357,2007
1323,Movie_1322,Drama,7.4,401,2022
1324,Movie_1323,Drama,1.8,396,2003
1325,Movie_1324,Drama,1.3,363,2006
1326,Movie_1325,Action,5.6,44,2021
1327,Movie_1326,Comedy,1.1,213,2019
1328,Movie_1327,Comedy,6.4,153,2010
1329,Movie_1328,Comedy,4.9,470,2004
1330,Movie_1329,Drama,3.9,345,2003
1331,Movie_1330,Action,8.2,95,2005
1332,Movie_1331,Horror,8.3,261,2006
1333,Movie_1332,Drama,4.3,386,2003
1334,Movie_1333,Horror,5.4,359,2016
1335,Movie_1334,Action,6.2,255,2014
1336,Movie_1335,Horror,8.5,52,2021
1337,Movie_1336,Horror,3.6,215,2011
1338,Movie_1337,Comedy,3.0,295,2016
1339,Movie_1338,Drama,8.0,317,2017
1340,Movie_1339,Horror,2.5,106,2016
1341,Movie_1340,Comedy,1.6,377,2009
1342,Movie_1341,Action,9.9,135,2023
1343,Movie_1342,Comedy,5.9,451,2019
1344,Movie_1343,Horror,3.2,67,2003
1345,Movie_1344,Comedy,9.5,149,2006
1346,Movie_1345,Action,6.9,275,2010
1347,Movie_1346,Horror,8.2,443,2002
1348,Movie_1347,Action,9.8,491,2016
1349,Movie_1348,Horror,9.5,78,2012
1350,Movie_1349,Horror,2.1,410,2022
1351,Movie_1350,Action,3.9,64,2012
1352,Movie_1351,Action,6.2,156,2016
1353,Movie_1352,Horror,5.3,296,2009
1354,Movie_1353,Comedy,6.5,358,2023
1355,Movie_1354,Drama,7.3,225,2016
1356,Movie_1355,Drama,4.0,181,2016
1357,Movie_1356,Horror,9.8,448,2016
1358,Movie_1357,Action,9.5,211,2012
1359,Movie_1358,Horror,1.0,260,2020
1360,Movie_1359,Action,5.3,456,2000
1361,Movie_1360,Comedy,7.2,398,2022
1362,Movie_1361,Drama,6.3,357,2008
1363,Movie_1362,Action,9.8,212,2015
1364,Movie_1363,Action,8.0,481,2010
1365,Movie_1364,Action,3.5,78,2023
1366,Movie_1365,Drama,5.2,79,2022
1367,Movie_1366,Horror,4.0,431,2003
1368,Movie_1367,Drama,6.3,346,2012
1369,Movie_1368,Action,6.4,316,2004
1370,Movie_1369,Comedy,2.2,77,2014
1371,Movie_1370,Drama,5.7,161,2018
1372,Movie_1371,Action,3.6,407,2008
1373,Movie_1372,Horror,6.2,37,2011
1374,Movie_1373,Drama,4.1,17,2004
1375,Movie_1374,Comedy,4.5,330,2006
1376,Movie_1375,Action,1.4,132,2015
1377,Movie_1376,Horror,5.8,188,2023
1378,Movie_1377,Comedy,1.6,185,2014
1379,Movie_1378,Comedy,1.5,407,2012
1380,Movie_1379,Action,3.8,379,2001
1381,Movie_1380,Comedy,5.9,356,2001
1382,Movie_1381,Horror,3.3,293,2019
1383,Movie_1382,Action,5.0,413,2017
1384,Movie_1383,Drama,4.2,461,2010
1385,Movie_1384,Horror,4.5,83,2010
1386,Movie_1385,Drama,5.3,427,2023
1387,Movie_1386,Horror,4.3,265,2015
1388,Movie_1387,Horror,9.3,117,2001
1389,Movie_1388,Drama,6.7,244,2002
1390,Movie_1389,Drama,3.7,217,2014
1391,Movie_1390,Comedy,2.3,159,2008
1392,Movie_1391,Drama,4.6,72,2004
1393,Movie_1392,Action,9.0,365,2019
1394,Movie_1393,Action,2.1,256,2004
1395,Movie_1394,Action,2.7,226,2015
1396,Movie_1395,Drama,1.4,250,2015
1397,Movie_1396,Action,7.5,418,2003
1398,Movie_1397,Action,4.7,302,2021
1399,Movie_1398,Action,7.0,470,2015
1400,Movie_1399,Comedy,6.2,475,2020
1401,Movie_1400,Drama,4.9,221,2012
1402,Movie_1401,Drama,4.9,35,2003
1403,Movie_1402,Horror,8.8,489,2011
1404,Movie_1403,Horror,6.8,390,2016
1405,Movie_1404,Action,1.6,82,2021
1406,Movie_1405,Horror,1.3,428,2000
1407,Movie_1406,Comedy,7.9,364,2014
1408,Movie_1407,Comedy,9.3,50,2011
1409,Movie_1408,Action,5.1,437,2023
1410,Movie_1409,Comedy,9.1,62,2022
1411,Movie_1410,Action,5.8,300,2006
1412,Movie_1411,Drama,2.6,489,2006
1413,Movie_1412,Comedy,1.7,138,2008
1414,Movie_1413,Horror,4.0,215,2010
1415,Movie_1414,Horror,4.9,146,2018
1416,Movie_1415,Drama,8.1,316,2020
1417,Movie_1416,Action,2.8,142,2005
1418,Movie_1417,Action,6.0,51,2022
1419,Movie_1418,Horror,1.2,89,2016
1420,Movie_1419,Horror,8.8,126,2015
1421,Movie_1420,Action,3.4,331,2004
1422,Movie_1421,Action,8.8,485,2004
1423,Movie_1422,Comedy,6.2,138,2007
1424,Movie_1423,Action,4.4,136,2018
1425,Movie_1424,Action,2.4,392,2001
1426,Movie_1425,Drama,7.0,393,2013
1427,Movie_1426,Action,2.4,378,2019
1428,Movie_1427,Action,4.7,443,2012
1429,Movie_1428,Drama,3.4,32,2011
1430,Movie_1429,Action,6.6,69,2009
1431,Movie_1430,Drama,7.5,410,2014
1432,Movie_1431,Comedy,7.9,270,2011
1433,Movie_1432,Drama,9.3,120,2002
1434,Movie_1433,Comedy,1.0,221,2004
1435,Movie_1434,Action,7.3,65,2016
1436,Movie_1435,Action,5.4,120,2012
1437,Movie_1436,Drama,8.1,131,2015
1438,Movie_1437,Comedy,3.3,181,2004
1439,Movie_1438,Action,6.8,375,2016
1440,Movie_1439,Action,1.7,209,2013
1441,Movie_1440,Horror,3.2,47,2017
1442,Movie_1441,Drama,9.2,443,2004
1443,Movie_1442,Comedy,6.3,20,2005
1444,Movie_1443,Action,1.2,360,2010
1445,Movie_1444,Horror,7.5,279,2014
1446,Movie_1445,Action,3.1,432,2017
1447,Movie_1446,Horror,7.8,259,2005
1448,Movie_1447,Drama,6.8,228,2013
1449,Movie_1448,Drama,7.7,224,2002
1450,Movie_1449,Comedy,9.0,84,2001
1451,Movie_1450,Action,2.9,470,2002
1452,Movie_1451,Comedy,6.3,309,2018
1453,Movie_1452,Horror,2.8,336,2020
1454,Movie_1453,Action,3.5,33,2007
1455,Movie_1454,Horror,7.7,409,2003
1456,Movie_1455,Action,9.8,220,2013
1457,Movie_1456,Action,5.3,444,2006
1458,Movie_1457,Horror,4.4,428,2006
1459,Movie_1458,Comedy,5.6,163,2009
1460,Movie_1459,Action,9.8,245,2012
1461,Movie_1460,Horror,3.5,96,2023
1462,Movie_1461,Horror,5.0,48,2018
1463,Movie_1462,Comedy,2.2,50,2018
1464,Movie_1463,Horror,8.1,245,2019
1465,Movie_1464,Horror,4.0,28,2015
1466,Movie_1465,Horror,5.8,187,2017
1467,Movie_1466,Action,7.2,64,2007
1468,Movie_1467,Drama,8.1,285,2001
1469,Movie_1468,Comedy,2.7,424,2004
1470,Movie_1469,Comedy,9.6,192,2007
1471,Movie_1470,Action,2.4,21,2006
1472,Movie_1471,Horror,2.9,166,2000
1473,Movie_1472,Action,1.1,247,2010
1474,Movie_1473,Comedy,7.8,220,2007
1475,Movie_1474,Comedy,6.1,462,2015
1476,Movie_1475,Horror,8.6,252,2022
1477,Movie_1476,Horror,2.5,259,2014
1478,Movie_1477,Action,5.9,77,2009
1479,Movie_1478,Drama,6.3,274,2005
1480,Movie_1479,Horror,6.3,189,2000
1481,Movie_1480,Action,8.4,252,2020
1482,Movie_1481,Horror,5.5,291,2020
1483,Movie_1482,Action,5.6,112,2011
1484,Movie_1483,Action,2.3,418,2004
1485,Movie_1484,Comedy,2.8,174,2020
1486,Movie_1485,Action,8.0,77,2006
1487,Movie_1486,Comedy,9.7,272,2000
1488,Movie_1487,Comedy,5.0,253,2010
1489,Movie_1488,Drama,9.3,401,2021
1490,Movie_1489,Drama,7.2,254,2005
1491,Movie_1490,Action,1.5,67,2002
1492,Movie_1491,Drama,5.5,306,2012
1493,Movie_1492,Drama,5.6,313,2009
1494,Movie_1493,Drama,4.3,111,2016
1495,Movie_1494,Drama,8.0,38,2012
1496,Movie_1495,Action,4.8,198,2020
1497,Movie_1496,Drama,8.7,81,2017
1498,Movie_1497,Action,6.7,493,2004
1499,Movie_1498,Horror,6.4,57,2023
1500,Movie_1499,Drama,1.5,233,2013
1501,Movie_1500,Horror,8.7,401,2017
1502,Movie_1501,Horror,4.9,115,2004
1503,Movie_1502,Horror,7.6,270,2011
1504,Movie_1503,Action,6.8,194,2003
1505,Movie_1504,Drama,5.8,200,2000
1506,Movie_1505,Action,8.2,222,2018
1507,Movie_1506,Comedy,2.3,438,2022
1508,Movie_1507,Comedy,4.3,355,2011
1509,Movie_1508,Comedy,6.1,499,2010
1510,Movie_1509,Horror,1.2,348,2017
1511,Movie_1510,Action,6.8,389,2014
1512,Movie_1511,Drama,5.4,121,2002
1513,Movie_1512,Comedy,1.9,270,2001
1514,Movie_1513,Action,2.8,11,2000
1515,Movie_1514,Action,8.3,328,2006
1516,Movie_1515,Comedy,9.0,462,2001
1517,Movie_1516,Drama,7.7,235,2004
1518,Movie_1517,Comedy,7.4,299,2013
1519,Movie_1518,Horror,4.8,410,2014
1520,Movie_1519,Action,9.2,80,2021
1521,Movie_1520,Comedy,9.0,358,2022
1522,Movie_1521,Comedy,9.2,222,2007
1523,Movie_1522,Drama,4.5,383,2020
1524,Movie_1523,Action,1.1,285,2003
1525,Movie_1524,Horror,5.6,449,2020
1526,Movie_1525,Action,1.5,209,2005
1527,Movie_1526,Drama,3.5,380,2017
1528,Movie_1527,Action,7.1,216,2013
1529,Movie_1528,Action,9.6,491,2007
1530,Movie_1529,Comedy,8.6,243,2012
1531,Movie_1530,Comedy,2.5,40,2002
1532,Movie_1531,Drama,7.8,60,2022
1533,Movie_1532,Action,1.4,405,2017
1534,Movie_1533,Action,3.7,482,2020
1535,Movie_1534,Comedy,7.6,141,2006
1536,Movie_1535,Drama,9.6,482,2005
1537,Movie_1536,Drama,9.3,31,2011
1538,Movie_1537,Horror,4.2,25,2000
1539,Movie_1538,Drama,4.8,49,2012
1540,Movie_1539,Horror,8.0,413,2015
1541,Movie_1540,Drama,9.0,186,2023
1542,Movie_1541,Horror,5.9,209,2007
1543,Movie_1542,Action,7.2,74,2016
1544,Movie_1543,Drama,2.1,445,2022
1545,Movie_1544,Horror,2.6,232,2015
1546,Movie_1545,Comedy,1.3,228,2014
1547,Movie_1546,Drama,4.6,449,2017
1548,Movie_1547,Drama,8.2,249,2002
1549,Movie_1548,Drama,4.4,184,2010
1550,Movie_1549,Drama,4.7,369,2023
1551,Movie_1550,Action,4.1,333,2011
1552,Movie_1551,Drama,5.4,184,2008
1553,Movie_1552,Drama,2.7,408,2021
1554,Movie_1553,Action,3.2,50,2020
1555,Movie_1554,Drama,7.5,115,2017
1556,Movie_1555,Horror,9.1,170,2012
1557,Movie_1556,Drama,4.5,292,2010
1558,Movie_1557,Comedy,4.3,420,2023
1559,Movie_1558,Comedy,9.2,296,2008
1560,Movie_1559,Comedy,9.3,296,2003
1561,Movie_1560,Action,8.4,104,2022
1562,Movie_1561,Comedy,7.9,359,2008
1563,Movie_1562,Horror,6.5,222,2012
1564,Movie_1563,Action,8.5,486,2011
1565,Movie_1564,Action,7.4,264,2015
1566,Movie_1565,Drama,6.2,118,2021
1567,Movie_1566,Comedy,1.5,208,2022
1568,Movie_1567,Comedy,1.4,335,2021
1569,Movie_1568,Horror,6.7,261,2003
1570,Movie_1569,Action,3.2,82,2010
1571,Movie_1570,Comedy,1.8,115,2018
1572,Movie_1571,Action,2.6,229,2015
1573,Movie_1572,Drama,1.3,203,2004
1574,Movie_1573,Horror,4.9,236,2007
1575,Movie_1574,Action,1.5,15,2013
1576,Movie_1575,Drama,9.6,183,2005
1577,Movie_1576,Comedy,8.2,368,2009
1578,Movie_1577,Comedy,4.6,279,2010
1579,Movie_1578,Comedy,7.4,430,2009
1580,Movie_1579,Drama,9.6,234,2008
1581,Movie_1580,Action,1.7,453,2010
1582,Movie_1581,Drama,1.6,318,2022
1583,Movie_1582,Drama,6.3,409,2012
1584,Movie_1583,Comedy,3.5,167,2010
1585,Movie_1584,Comedy,6.9,82,2007
1586,Movie_1585,Action,6.3,492,2003
1587,Movie_1586,Drama,1.4,48,2012
1588,Movie_1587,Drama,5.2,348,2021
1589,Movie_1588,Horror,5.8,65,2012
1590,Movie_1589,Comedy,3.0,303,2011
1591,Movie_1590,Action,10.0,463,2020
1592,Movie_1591,Horror,9.0,430,2007
1593,Movie_1592,Action,5.7,164,2002
1594,Movie_1593,Horror,2.0,342,2015
1595,Movie_1594,Comedy,9.4,276,2022
1596,Movie_1595,Action,3.8,204,2000
1597,Movie_1596,Comedy,1.3,334,2017
1598,Movie_1597,Horror,2.4,48,2011
1599,Movie_1598,Drama,2.6,402,2008
1600,Movie_1599,Comedy,2.1,362,2011
1601,Movie_1600,Drama,2.5,258,2022
1602,Movie_1601,Drama,1.8,270,2004
1603,Movie_1602,Drama,5.7,272,2023
1604,Movie_1603,Comedy,8.6,105,2011
1605,Movie_1604,Action,4.1,439,2020
1606,Movie_1605,Action,7.7,423,2006
1607,Movie_1606,Action,8.1,147,2008
1608,Movie_1607,Horror,8.7,234,2014
1609,Movie_1608,Action,2.6,329,2003
1610,Movie_1609,Horror,4.4,342,2015
1611,Movie_1610,Action,6.7,361,2021
1612,Movie_1611,Drama,2.2,287,2018
1613,Movie_1612,Action,6.4,232,2022
1614,Movie_1613,Comedy,8.9,341,2019
1615,Movie_1614,Horror,2.8,467,2003
1616,Movie_1615,Drama,1.5,478,2012
1617,Movie_1616,Comedy,6.0,280,2021
1618,Movie_1617,Action,8.3,355,2006
1619,Movie_1618,Action,7.3,465,2005
1620,Movie_1619,Action,1.4,235,2006
1621,Movie_1620,Horror,7.7,384,2010
1622,Movie_1621,Comedy,7.0,186,2019
1623,Movie_1622,Drama,5.9,342,2013
1624,Movie_1623,Comedy,3.6,447,2013
1625,Movie_1624,Horror,9.1,105,2000
1626,Movie_1625,Horror,6.0,460,2010
1627,Movie_1626,Comedy,2.0,357,2004
1628,Movie_1627,Action,7.4,460,2003
1629,Movie_1628,Comedy,4.6,38,2013
1630,Movie_1629,Horror,4.4,20,2009
1631,Movie_1630,Action,3.3,149,2016
1632,Movie_1631,Horror,9.7,172,2018
1633,Movie_1632,Action,5.8,405,2001
1634,Movie_1633,Comedy,5.2,89,2013
1635,Movie_1634,Action,1.1,424,2022
1636,Movie_1635,Horror,6.2,293,2020
1637,Movie_1636,Horror,7.4,341,2003
1638,Movie_1637,Horror,1.4,326,2017
1639,Movie_1638,Drama,1.9,439,2016
1640,Movie_1639,Comedy,9.2,34,2002
1641,Movie_1640,Comedy,2.0,57,2010
1642,Movie_1641,Action,5.8,55,2008
1643,Movie_1642,Drama,2.5,57,2001
1644,Movie_1643,Action,8.1,257,2022
1645,Movie_1644,Drama,5.4,44,2018
1646,Movie_1645,Action,9.8,480,2023
1647,Movie_1646,Horror,6.9,138,2011
1648,Movie_1647,Action,9.1,207,2010
1649,Movie_1648,Horror,1.0,203,2007
1650,Movie_1649,Horror,9.2,358,2005
1651,Movie_1650,Comedy,4.9,266,2005
1652,Movie_1651,Drama,3.4,382,2007
1653,Movie_1652,Action,9.9,246,2018
1654,Movie_1653,Comedy,9.5,166,2007
1655,Movie_1654,Horror,6.0,448,2016
1656,Movie_1655,Drama,9.3,106,2000
1657,Movie_1656,Horror,3.1,139,2003
1658,Movie_1657,Comedy,8.7,15,2004
1659,Movie_1658,Comedy,3.3,245,2006
1660,Movie_1659,Drama,8.1,256,2014
1661,Movie_1660,Action,5.4,114,2007
1662,Movie_1661,Horror,8.9,262,2010
1663,Movie_1662,Comedy,1.5,340,2019
1664,Movie_1663,Action,1.4,138,2007
1665,Movie_1664,Action,7.4,33,2008
1666,Movie_1665,Horror,2.6,123,2000
1667,Movie_1666,Horror,1.7,47,2016
1668,Movie_1667,Horror,6.7,30,2004
1669,Movie_1668,Comedy,5.9,89,2020
1670,Movie_1669,Horror,4.2,413,2008
1671,Movie_1670,Comedy,6.4,203,2003
1672,Movie_1671,Horror,9.4,120,2001
1673,Movie_1672,Drama,4.4,290,2001
1674,Movie_1673,Drama,2.9,301,2012
1675,Movie_1674,Action,2.9,366,2002
1676,Movie_1675,Comedy,7.4,393,2009
1677,Movie_1676,Comedy,3.4,13,2020
1678,Movie_1677,Horror,2.9,195,2015
1679,Movie_1678,Action,9.2,212,2017
1680,Movie_1679,Drama,2.9,271,2018
1681,Movie_1680,Action,8.9,443,2015
1682,Movie_1681,Comedy,8.7,92,2017
1683,Movie_1682,Action,3.8,239,2017
1684,Movie_1683,Action,7.7,434,2011
1685,Movie_1684,Drama,9.8,80,2021
1686,Movie_1685,Action,9.7,296,2020
1687,Movie_1686,Horror,8.0,258,2017
1688,Movie_1687,Horror,1.3,97,2005
1689,Movie_1688,Action,5.8,338,2007
1690,Movie_1689,Comedy,2.8,173,2003
1691,Movie_1690,Drama,3.9,319,2010
1692,Movie_1691,Comedy,7.0,370,2010
1693,Movie_1692,Horror,8.4,219,2008
1694,Movie_1693,Drama,7.8,167,2017
1695,Movie_1694,Action,4.6,164,2015
1696,Movie_1695,Horror,1.5,414,2021
1697,Movie_1696,Horror,1.4,11,2007
1698,Movie_1697,Drama,7.4,101,2004
1699,Movie_1698,Action,2.5,185,2014
1700,Movie_1699,Comedy,9.9,417,2015
1701,Movie_1700,Drama,7.3,301,2010
1702,Movie_1701,Drama,4.2,127,2012
1703,Movie_1702,Comedy,4.8,107,2015
1704,Movie_1703,Comedy,3.8,63,2007
1705,Movie_1704,Horror,8.3,178,2010
1706,Movie_1705,Action,4.9,398,2020
1707,Movie_1706,Comedy,7.4,346,2010
1708,Movie_1707,Horror,3.8,95,2010
1709,Movie_1708,Action,2.7,383,2010
1710,Movie_1709,Action,9.3,170,2002
1711,Movie_1710,Comedy,1.7,284,2019
1712,Movie_1711,Comedy,8.7,185,2000
1713,Movie_1712,Horror,1.8,157,2013
1714,Movie_1713,Action,2.5,179,2016
1715,Movie_1714,Drama,8.9,436,2014
1716,Movie_1715,Horror,1.3,10,2013
1717,Movie_1716,Drama,2.4,379,2007
1718,Movie_1717,Comedy,3.8,256,2020
1719,Movie_1718,Action,6.6,78,2006
1720,Movie_1719,Horror,3.8,336,2013
1721,Movie_1720,Drama,5.5,80,2018
1722,Movie_1721,Horror,2.4,75,2007
1723,Movie_1722,Drama,9.5,33,2004
1724,Movie_1723,Drama,5.0,437,2007
1725,Movie_1724,Action,7.5,150,2016
1726,Movie_1725,Horror,3.0,467,2006
1727,Movie_1726,Horror,9.4,118,2015
1728,Movie_1727,Drama,7.5,444,2022
1729,Movie_1728,Drama,7.0,280,2004
1730,Movie_1729,Action,4.0,343,2011
1731,Movie_1730,Drama,7.5,321,2013
1732,Movie_1731,Comedy,9.3,318,2016
1733,Movie_1732,Drama,4.5,370,2005
1734,Movie_1733,Horror,5.7,81,2015
1735,Movie_1734,Action,6.6,461,2022
1736,Movie_1735,Comedy,5.7,162,2004
1737,Movie_1736,Drama,6.3,436,2007
1738,Movie_1737,Comedy,3.1,479,2005
1739,Movie_1738,Action,5.5,177,2003
1740,Movie_1739,Drama,7.8,314,2018
1741,Movie_1740,Horror,1.0,323,2004
1742,Movie_1741,Horror,2.2,438,2021
1743,Movie_1742,Horror,2.4,165,2013
1744,Movie_1743,Horror,9.9,312,2016
1745,Movie_1744,Horror,3.3,395,2018
1746,Movie_1745,Drama,9.4,148,2006
1747,Movie_1746,Action,9.5,279,2006
1748,Movie_1747,Action,3.8,455,2018
1749,Movie_1748,Horror,7.8,95,2001
1750,Movie_1749,Comedy,5.0,390,2013
1751,Movie_1750,Drama,3.4,223,2014
1752,Movie_1751,Comedy,8.7,484,2021
1753,Movie_1752,Horror,3.2,282,2013
1754,Movie_1753,Comedy,7.0,427,2002
1755,Movie_1754,Horror,2.5,146,2022
1756,Movie_1755,Comedy,4.5,382,2016
1757,Movie_1756,Comedy,7.3,445,2014
1758,Movie_1757,Comedy,9.2,444,2016
1759,Movie_1758,Horror,4.6,130,2007
1760,Movie_1759,Comedy,1.4,222,2012
1761,Movie_1760,Comedy,2.8,472,2013
1762,Movie_1761,Drama,1.4,338,2016
1763,Movie_1762,Comedy,5.0,93,2005
1764,Movie_1763,Drama,2.4,327,2018
1765,Movie_1764,Comedy,4.8,428,2017
1766,Movie_1765,Comedy,3.8,159,2016
1767,Movie_1766,Horror,2.4,438,2009
1768,Movie_1767,Comedy,1.4,221,2018
1769,Movie_1768,Comedy,2.8,146,2022
1770,Movie_1769,Drama,5.1,258,2003
1771,Movie_1770,Action,5.2,258,2010
1772,Movie_1771,Horror,1.2,236,2002
1773,Movie_1772,Drama,7.5,99,2023
1774,Movie_1773,Drama,9.7,230,2020
1775,Movie_1774,Horror,2.6,310,2011
1776,Movie_1775,Drama,1.9,390,2009
1777,Movie_1776,Drama,6.9,401,2017
1778,Movie_1777,Action,4.8,102,2023
1779,Movie_1778,Comedy,3.8,192,2019
1780,Movie_1779,Horror,2.4,421,2013
1781,Movie_1780,Action,1.0,137,2012
1782,Movie_1781,Comedy,4.9,491,2019
1783,Movie_1782,Horror,9.4,396,2014
1784,Movie_1783,Horror,9.7,362,2002
1785,Movie_1784,Comedy,6.1,499,2001
1786,Movie_1785,Comedy,4.8,344,2007
1787,Movie_1786,Comedy,4.6,481,2003
1788,Movie_1787,Comedy,5.9,350,2003
1789,Movie_1788,Drama,4.2,468,2003
1790,Movie_1789,Comedy,9.6,303,2021
1791,Movie_1790,Horror,9.3,449,2000
1792,Movie_1791,Comedy,3.1,472,2008
1793,Movie_1792,Action,4.2,343,2003
1794,Movie_1793,Drama,6.1,57,2015
1795,Movie_1794,Drama,4.1,346,2010
1796,Movie_1795,Comedy,3.5,430,2015
1797,Movie_1796,Drama,9.6,403,2021
1798,Movie_1797,Horror,2.4,379,2023
1799,Movie_1798,Action,7.6,243,2017
1800,Movie_1799,Comedy,8.8,266,2018
1801,Movie_1800,Drama,6.3,11,2010
1802,Movie_1801,Comedy,1.0,238,2005
1803,Movie_1802,Horror,3.9,399,2014
1804,Movie_1803,Comedy,3.2,476,2011
1805,Movie_1804,Horror,7.4,480,2022
1806,Movie_1805,Horror,1.7,13,2008
1807,Movie_1806,Comedy,5.6,441,2001
1808,Movie_1807,Horror,7.6,48,2017
1809,Movie_1808,Action,9.5,498,2005
1810,Movie_1809,Drama,7.3,268,2003
1811,Movie_1810,Drama,7.7,16,2006
1812,Movie_1811,Action,5.4,269,2016
1813,Movie_1812,Horror,3.7,174,2011
1814,Movie_1813,Horror,9.0,276,2012
1815,Movie_1814,Horror,1.0,272,2005
1816,Movie_1815,Comedy,6.1,266,2018
1817,Movie_1816,Action,4.9,99,2009
1818,Movie_1817,Drama,5.9,173,2016
1819,Movie_1818,Action,7.2,499,2006
1820,Movie_1819,Drama,8.7,310,2021
1821,Movie_1820,Horror,1.2,156,2013
1822,Movie_1821,Drama,2.9,159,2004
1823,Movie_1822,Horror,2.5,301,2005
1824,Movie_1823,Horror,4.1,487,2009
1825,Movie_1824,Drama,1.9,48,2019
1826,Movie_1825,Action,4.4,154,2002
1827,Movie_1826,Horror,2.8,118,2013
1828,Movie_1827,Action,7.6,254,2019
1829,Movie_1828,Comedy,5.5,84,2017
1830,Movie_1829,Horror,5.7,284,2003
1831,Movie_1830,Drama,3.4,95,2004
1832,Movie_1831,Comedy,2.8,498,2010
1833,Movie_1832,Action,8.1,460,2018
1834,Movie_1833,Drama,2.6,193,2012
1835,Movie_1834,Action,7.0,412,2021
1836,Movie_1835,Comedy,9.0,197,2020
1837,Movie_1836,Horror,1.6,413,2003
1838,Movie_1837,Action,9.9,405,2020
1839,Movie_1838,Drama,9.2,213,2015
1840,Movie_1839,Drama,9.2,238,2013
1841,Movie_1840,Action,4.7,323,2006
1842,Movie_1841,Horror,1.6,93,2016
1843,Movie_1842,Horror,7.4,346,2016
1844,Movie_1843,Drama,6.2,141,2018
1845,Movie_1844,Action,7.7,474,2016
1846,Movie_1845,Comedy,3.2,79,2019
1847,Movie_1846,Comedy,1.7,386,2018
1848,Movie_1847,Action,5.8,117,2019
1849,Movie_1848,Drama,7.0,295,2000
1850,Movie_1849,Action,5.0,269,2006
1851,Movie_1850,Action,9.2,115,2022
1852,Movie_1851,Action,8.5,11,2018
1853,Movie_1852,Horror,1.6,372,2007
1854,Movie_1853,Comedy,1.1,382,2015
1855,Movie_1854,Drama,2.5,305,2003
1856,Movie_1855,Horror,7.6,442,2021
1857,Movie_1856,Horror,7.2,92,2002
1858,Movie_1857,Horror,9.7,402,2003
1859,Movie_1858,Horror,7.1,144,2005
1860,Movie_1859,Comedy,1.4,484,2022
1861,Movie_1860,Horror,7.0,467,2018
1862,Movie_1861,Action,9.9,23,2007
1863,Movie_1862,Action,2.1,90,2003
1864,Movie_1863,Action,5.1,440,2001
1865,Movie_1864,Horror,7.0,441,2004
1866,Movie_1865,Horror,2.8,261,2013
1867,Movie_1866,Horror,2.5,49,2003
1868,Movie_1867,Drama,4.2,385,2006
1869,Movie_1868,Horror,3.6,169,2010
1870,Movie_1869,Action,6.8,254,2011
1871,Movie_1870,Drama,1.2,172,2004
1872,Movie_1871,Drama,6.1,280,2015
1873,Movie_1872,Comedy,8.3,238,2021
1874,Movie_1873,Comedy,8.7,67,2017
1875,Movie_1874,Action,6.3,454,2016
1876,Movie_1875,Comedy,3.9,150,2000
1877,Movie_1876,Comedy,2.4,397,2003
1878,Movie_1877,Horror,2.3,86,2009
1879,Movie_1878,Comedy,5.3,245,2004
1880,Movie_1879,Horror,6.5,320,2019
1881,Movie_1880,Horror,4.4,137,2011
1882,Movie_1881,Action,9.9,406,2022
1883,Movie_1882,Action,9.7,359,2007
1884,Movie_1883,Action,4.3,472,2008
1885,Movie_1884,Horror,1.7,10,2004
1886,Movie_1885,Comedy,6.2,98,2009
1887,Movie_1886,Drama,5.9,205,2013
1888,Movie_1887,Horror,9.7,427,2007
1889,Movie_1888,Action,6.3,381,2021
1890,Movie_1889,Action,4.0,132,2005
1891,Movie_1890,Drama,8.3,229,2017
1892,Movie_1891,Drama,3.7,226,2023
1893,Movie_1892,Horror,8.7,463,2002
1894,Movie_1893,Action,6.1,390,2007
1895,Movie_1894,Comedy,5.1,361,2017
1896,Movie_1895,Comedy,4.0,32,2000
1897,Movie_1896,Action,4.1,385,2018
1898,Movie_1897,Horror,2.5,108,2006
1899,Movie_1898,Horror,4.7,291,2017
1900,Movie_1899,Comedy,8.1,432,2001
1901,Movie_1900,Horror,5.1,422,2007
1902,Movie_1901,Action,6.3,26,2007
1903,Movie_1902,Comedy,9.8,412,2020
1904,Movie_1903,Comedy,3.3,488,2017
1905,Movie_1904,Horror,9.3,449,2005
1906,Movie_1905,Horror,6.4,147,2008
1907,Movie_1906,Comedy,6.2,462,2023
1908,Movie_1907,Drama,1.8,456,2005
1909,Movie_1908,Comedy,7.1,25,2006
1910,Movie_1909,Action,6.8,45,2008
1911,Movie_1910,Horror,6.6,494,2017
1912,Movie_1911,Comedy,6.9,201,2010
1913,Movie_1912,Action,6.7,102,2006
1914,Movie_1913,Comedy,3.8,256,2001
1915,Movie_1914,Action,2.2,192,2002
1916,Movie_1915,Action,3.6,480,2002
1917,Movie_1916,Drama,3.5,232,2021
1918,Movie_1917,Comedy,2.5,89,2017
1919,Movie_1918,Comedy,1.6,176,2006
1920,Movie_1919,Horror,2.3,18,2004
1921,Movie_1920,Drama,2.2,69,2022
1922,Movie_1921,Action,9.2,347,2017
1923,Movie_1922,Drama,4.2,151,2008
1924,Movie_1923,Comedy,5.2,398,2003
1925,Movie_1924,Comedy,7.9,70,2023
1926,Movie_1925,Drama,6.7,50,2010
1927,Movie_1926,Horror,7.0,481,2001
1928,Movie_1927,Comedy,8.0,65,2023
1929,Movie_1928,Horror,2.0,333,2011
1930,Movie_1929,Drama,1.7,219,2013
1931,Movie_1930,Action,5.6,31,2011
1932,Movie_1931,Action,9.7,456,2003
1933,Movie_1932,Comedy,6.2,323,2022
1934,Movie_1933,Drama,7.9,360,2012
1935,Movie_1934,Drama,2.7,124,2010
1936,Movie_1935,Horror,1.3,118,2003
1937,Movie_1936,Comedy,3.0,80,2006
1938,Movie_1937,Comedy,8.0,49,2006
1939,Movie_1938,Action,2.6,259,2021
1940,Movie_1939,Drama,4.4,222,2000
1941,Movie_1940,Action,9.4,291,2004
1942,Movie_1941,Comedy,9.7,304,2015
1943,Movie_1942,Comedy,9.6,169,2017
1944,Movie_1943,Comedy,5.2,348,2004
1945,Movie_1944,Action,7.3,108,2013
1946,Movie_1945,Action,4.8,484,2014
1947,Movie_1946,Action,2.5,261,2006
1948,Movie_1947,Action,6.5,90,2014
1949,Movie_1948,Comedy,3.8,496,2014
1950,Movie_1949,Drama,7.9,249,2001
1951,Movie_1950,Horror,5.1,294,2000
1952,Movie_1951,Drama,9.9,479,2004
1953,Movie_1952,Horror,7.8,259,2022
1954,Movie_1953,Drama,1.6,452,2017
1955,Movie_1954,Horror,7.6,215,2021
1956,Movie_1955,Horror,1.3,186,2019
1957,Movie_1956,Action,9.3,236,2023
1958,Movie_1957,Comedy,1.1,373,2005
1959,Movie_1958,Horror,1.3,282,2003
1960,Movie_1959,Drama,1.6,458,2013
1961,Movie_1960,Action,5.1,231,2007
1962,Movie_1961,Action,2.3,484,2012
1963,Movie_1962,Drama,1.2,137,2007
1964,Movie_1963,Action,6.3,239,2004
1965,Movie_1964,Comedy,5.7,193,2023
1966,Movie_1965,Action,8.2,270,2021
1967,Movie_1966,Action,1.9,196,2006
1968,Movie_1967,Action,1.8,437,2001
1969,Movie_1968,Comedy,7.2,237,2008
1970,Movie_1969,Drama,10.0,407,2007
1971,Movie_1970,Action,9.9,252,2003
1972,Movie_1971,Horror,2.3,346,2001
1973,Movie_1972,Action,5.0,196,2012
1974,Movie_1973,Comedy,6.8,440,2001
1975,Movie_1974,Action,8.2,51,2015
1976,Movie_1975,Drama,1.5,198,2020
1977,Movie_1976,Horror,4.8,369,2020
1978,Movie_1977,Drama,1.3,247,2012
1979,Movie_1978,Drama,8.3,355,2015
1980,Movie_1979,Horror,8.5,457,2000
1981,Movie_1980,Action,9.4,377,2021
1982,Movie_1981,Action,2.4,10,2022
1983,Movie_1982,Action,6.6,165,2017
1984,Movie_1983,Comedy,6.9,29,2004
1985,Movie_1984,Action,4.5,210,2023
1986,Movie_1985,Horror,3.1,317,2013
1987,Movie_1986,Horror,1.4,37,2007
1988,Movie_1987,Comedy,3.4,354,2023
1989,Movie_1988,Comedy,4.0,42,2019
1990,Movie_1989,Drama,8.6,135,2018
1991,Movie_1990,Drama,1.0,361,2017
1992,Movie_1991,Drama,5.3,87,2017
1993,Movie_1992,Drama,9.2,293,2012
1994,Movie_1993,Comedy,1.5,180,2014
1995,Movie_1994,Drama,7.3,325,2006
1996,Movie_1995,Action,1.3,168,2021
1997,Movie_1996,Comedy,2.2,274,2019
1998,Movie_1997,Horror,2.7,408,2010
1999,Movie_1998,Comedy,7.7,13,2022
2000,Movie_1999,Horror,9.3,171,2021
