Student ID,Name,Class,Marks,Attendance (%)
2000,Student_0,Class 11,67,50
2001,Student_1,Class 10,42,75
2002,Student_2,Class 4,6,53
2003,Student_3,Class 5,84,78
2004,Student_4,Class 11,76,73
2005,Student_5,Class 11,87,69
2006,Student_6,Class 1,40,63
2007,Student_7,Class 10,6,76
2008,Student_8,Class 2,59,97
2009,Student_9,Class 12,0,72
2010,Student_10,Class 10,14,91
2011,Student_11,Class 11,55,68
2012,Student_12,Class 2,2,73
2013,Student_13,Class 5,0,71
2014,Student_14,Class 2,87,54
2015,Student_15,Class 9,49,74
2016,Student_16,Class 3,3,93
2017,Student_17,Class 5,59,87
2018,Student_18,Class 12,93,81
2019,Student_19,Class 3,45,98
2020,Student_20,Class 6,17,93
2021,Student_21,Class 11,47,50
2022,Student_22,Class 10,22,96
2023,Student_23,Class 7,68,65
2024,Student_24,Class 3,82,69
2025,Student_25,Class 12,12,55
2026,Student_26,Class 6,71,71
2027,Student_27,Class 6,20,66
2028,Student_28,Class 2,22,88
2029,Student_29,Class 5,12,72
2030,Student_30,Class 6,29,94
2031,Student_31,Class 1,41,74
2032,Student_32,Class 3,80,80
2033,Student_33,Class 3,96,61
2034,Student_34,Class 4,73,85
2035,Student_35,Class 6,0,56
2036,Student_36,Class 12,56,50
2037,Student_37,Class 10,6,50
2038,Student_38,Class 6,42,91
2039,Student_39,Class 3,98,83
2040,Student_40,Class 11,39,67
2041,Student_41,Class 8,94,94
2042,Student_42,Class 9,59,77
2043,Student_43,Class 6,30,74
2044,Student_44,Class 7,86,58
2045,Student_45,Class 11,7,65
2046,Student_46,Class 11,79,54
2047,Student_47,Class 11,19,67
2048,Student_48,Class 4,9,78
2049,Student_49,Class 6,98,90
2050,Student_50,Class 12,33,66
2051,Student_51,Class 2,77,89
2052,Student_52,Class 3,89,98
2053,Student_53,Class 4,28,67
2054,Student_54,Class 7,14,63
2055,Student_55,Class 10,31,91
2056,Student_56,Class 12,40,67
2057,Student_57,Class 10,98,94
2058,Student_58,Class 9,11,87
2059,Student_59,Class 1,53,68
2060,Student_60,Class 11,77,78
2061,Student_61,Class 4,85,62
2062,Student_62,Class 8,15,78
2063,Student_63,Class 5,3,61
2064,Student_64,Class 12,62,52
2065,Student_65,Class 9,39,74
2066,Student_66,Class 2,74,89
2067,Student_67,Class 3,44,55
2068,Student_68,Class 5,50,64
2069,Student_69,Class 2,39,76
2070,Student_70,Class 6,4,82
2071,Student_71,Class 6,45,83
2072,Student_72,Class 12,49,56
2073,Student_73,Class 7,83,88
2074,Student_74,Class 2,55,92
2075,Student_75,Class 10,46,70
2076,Student_76,Class 1,60,93
2077,Student_77,Class 6,80,82
2078,Student_78,Class 11,2,96
2079,Student_79,Class 9,70,72
2080,Student_80,Class 10,41,66
2081,Student_81,Class 2,84,60
2082,Student_82,Class 3,10,68
2083,Student_83,Class 3,31,74
2084,Student_84,Class 10,28,51
2085,Student_85,Class 6,75,56
2086,Student_86,Class 11,62,83
2087,Student_87,Class 5,29,64
2088,Student_88,Class 2,1,60
2089,Student_89,Class 12,25,65
2090,Student_90,Class 7,53,79
2091,Student_91,Class 4,53,77
2092,Student_92,Class 2,27,95
2093,Student_93,Class 5,23,57
2094,Student_94,Class 10,20,68
2095,Student_95,Class 9,24,83
2096,Student_96,Class 11,68,71
2097,Student_97,Class 11,61,56
2098,Student_98,Class 11,55,84
2099,Student_99,Class 5,27,72
2100,Student_100,Class 7,46,99
2101,Student_101,Class 3,79,68
2102,Student_102,Class 10,7,51
2103,Student_103,Class 7,17,75
2104,Student_104,Class 3,73,83
2105,Student_105,Class 6,82,72
2106,Student_106,Class 3,91,59
2107,Student_107,Class 12,82,89
2108,Student_108,Class 8,2,53
2109,Student_109,Class 6,74,65
2110,Student_110,Class 2,80,63
2111,Student_111,Class 2,99,59
2112,Student_112,Class 12,55,60
2113,Student_113,Class 8,52,83
2114,Student_114,Class 6,33,86
2115,Student_115,Class 5,61,89
2116,Student_116,Class 3,52,61
2117,Student_117,Class 9,66,65
2118,Student_118,Class 9,12,51
2119,Student_119,Class 8,53,88
2120,Student_120,Class 9,80,93
2121,Student_121,Class 1,11,81
2122,Student_122,Class 11,1,59
2123,Student_123,Class 9,95,72
2124,Student_124,Class 10,99,80
2125,Student_125,Class 3,33,79
2126,Student_126,Class 1,14,59
2127,Student_127,Class 8,46,83
2128,Student_128,Class 7,45,90
2129,Student_129,Class 1,8,66
2130,Student_130,Class 8,44,66
2131,Student_131,Class 12,27,82
2132,Student_132,Class 6,16,73
2133,Student_133,Class 12,26,57
2134,Student_134,Class 2,24,51
2135,Student_135,Class 9,16,60
2136,Student_136,Class 6,8,80
2137,Student_137,Class 10,95,91
2138,Student_138,Class 12,37,62
2139,Student_139,Class 11,53,62
2140,Student_140,Class 7,34,74
2141,Student_141,Class 4,5,67
2142,Student_142,Class 8,1,51
2143,Student_143,Class 8,84,94
2144,Student_144,Class 12,10,84
2145,Student_145,Class 6,78,59
2146,Student_146,Class 4,29,88
2147,Student_147,Class 9,16,59
2148,Student_148,Class 8,6,63
2149,Student_149,Class 4,80,85
2150,Student_150,Class 11,42,95
2151,Student_151,Class 6,56,55
2152,Student_152,Class 10,67,51
2153,Student_153,Class 4,37,61
2154,Student_154,Class 9,11,51
2155,Student_155,Class 1,5,76
2156,Student_156,Class 8,51,92
2157,Student_157,Class 8,19,73
2158,Student_158,Class 1,33,77
2159,Student_159,Class 4,68,76
2160,Student_160,Class 6,46,67
2161,Student_161,Class 4,19,66
2162,Student_162,Class 3,40,61
2163,Student_163,Class 4,80,92
2164,Student_164,Class 5,86,55
2165,Student_165,Class 10,76,97
2166,Student_166,Class 1,50,68
2167,Student_167,Class 9,42,64
2168,Student_168,Class 7,32,72
2169,Student_169,Class 4,95,97
2170,Student_170,Class 3,56,53
2171,Student_171,Class 2,88,84
2172,Student_172,Class 7,32,84
2173,Student_173,Class 9,78,64
2174,Student_174,Class 9,52,77
2175,Student_175,Class 10,62,58
2176,Student_176,Class 1,53,73
2177,Student_177,Class 8,77,61
2178,Student_178,Class 7,38,51
2179,Student_179,Class 1,31,70
2180,Student_180,Class 2,19,56
2181,Student_181,Class 9,96,53
2182,Student_182,Class 6,11,88
2183,Student_183,Class 10,32,62
2184,Student_184,Class 9,72,69
2185,Student_185,Class 6,18,98
2186,Student_186,Class 10,98,73
2187,Student_187,Class 2,67,89
2188,Student_188,Class 2,90,72
2189,Student_189,Class 3,40,50
2190,Student_190,Class 10,40,96
2191,Student_191,Class 10,31,89
2192,Student_192,Class 6,38,51
2193,Student_193,Class 12,63,67
2194,Student_194,Class 7,62,66
2195,Student_195,Class 5,84,96
2196,Student_196,Class 11,16,91
2197,Student_197,Class 1,48,85
2198,Student_198,Class 5,58,58
2199,Student_199,Class 3,40,93
2200,Student_200,Class 7,22,85
2201,Student_201,Class 3,82,95
2202,Student_202,Class 2,81,73
2203,Student_203,Class 11,53,62
2204,Student_204,Class 10,36,96
2205,Student_205,Class 3,61,61
2206,Student_206,Class 1,9,80
2207,Student_207,Class 12,4,99
2208,Student_208,Class 3,33,61
2209,Student_209,Class 3,84,75
2210,Student_210,Class 11,27,75
2211,Student_211,Class 6,39,63
2212,Student_212,Class 1,34,51
2213,Student_213,Class 8,7,55
2214,Student_214,Class 12,72,60
2215,Student_215,Class 7,66,98
2216,Student_216,Class 7,24,96
2217,Student_217,Class 11,13,89
2218,Student_218,Class 1,40,66
2219,Student_219,Class 10,85,75
2220,Student_220,Class 6,24,75
2221,Student_221,Class 5,5,60
2222,Student_222,Class 11,51,82
2223,Student_223,Class 9,13,80
2224,Student_224,Class 3,80,63
2225,Student_225,Class 12,94,84
2226,Student_226,Class 5,13,65
2227,Student_227,Class 3,44,61
2228,Student_228,Class 4,16,70
2229,Student_229,Class 12,45,83
2230,Student_230,Class 10,16,79
2231,Student_231,Class 5,4,90
2232,Student_232,Class 1,72,60
2233,Student_233,Class 6,27,63
2234,Student_234,Class 11,35,74
2235,Student_235,Class 8,21,72
2236,Student_236,Class 7,6,68
2237,Student_237,Class 2,58,81
2238,Student_238,Class 2,27,94
2239,Student_239,Class 8,77,67
2240,Student_240,Class 2,6,64
2241,Student_241,Class 7,84,92
2242,Student_242,Class 11,82,56
2243,Student_243,Class 9,47,63
2244,Student_244,Class 2,66,63
2245,Student_245,Class 6,8,82
2246,Student_246,Class 10,84,90
2247,Student_247,Class 3,94,91
2248,Student_248,Class 3,11,59
2249,Student_249,Class 12,38,57
2250,Student_250,Class 5,39,94
2251,Student_251,Class 11,82,77
2252,Student_252,Class 11,23,96
2253,Student_253,Class 9,55,72
2254,Student_254,Class 8,33,93
2255,Student_255,Class 2,76,78
2256,Student_256,Class 6,93,87
2257,Student_257,Class 4,35,88
2258,Student_258,Class 5,47,98
2259,Student_259,Class 7,5,64
2260,Student_260,Class 5,84,52
2261,Student_261,Class 6,50,76
2262,Student_262,Class 7,0,64
2263,Student_263,Class 9,96,77
2264,Student_264,Class 6,27,62
2265,Student_265,Class 10,54,96
2266,Student_266,Class 8,22,69
2267,Student_267,Class 12,89,85
2268,Student_268,Class 1,48,86
2269,Student_269,Class 4,3,79
2270,Student_270,Class 5,17,79
2271,Student_271,Class 7,73,55
2272,Student_272,Class 3,21,76
2273,Student_273,Class 8,85,50
2274,Student_274,Class 7,70,92
2275,Student_275,Class 1,0,80
2276,Student_276,Class 6,49,69
2277,Student_277,Class 9,97,52
2278,Student_278,Class 9,22,58
2279,Student_279,Class 11,2,84
2280,Student_280,Class 11,13,84
2281,Student_281,Class 9,3,68
2282,Student_282,Class 7,22,80
2283,Student_283,Class 2,44,92
2284,Student_284,Class 6,43,58
2285,Student_285,Class 11,12,84
2286,Student_286,Class 12,96,56
2287,Student_287,Class 11,47,99
2288,Student_288,Class 12,61,59
2289,Student_289,Class 3,25,77
2290,Student_290,Class 2,98,57
2291,Student_291,Class 8,54,96
2292,Student_292,Class 3,51,79
2293,Student_293,Class 8,32,95
2294,Student_294,Class 1,42,92
2295,Student_295,Class 6,59,92
2296,Student_296,Class 6,73,95
2297,Student_297,Class 9,51,79
2298,Student_298,Class 11,36,89
2299,Student_299,Class 4,57,53
2300,Student_300,Class 5,92,69
2301,Student_301,Class 8,61,98
2302,Student_302,Class 10,52,66
2303,Student_303,Class 3,89,82
2304,Student_304,Class 11,60,53
2305,Student_305,Class 11,19,97
2306,Student_306,Class 7,93,69
2307,Student_307,Class 2,71,85
2308,Student_308,Class 3,32,59
2309,Student_309,Class 4,9,98
2310,Student_310,Class 4,66,83
2311,Student_311,Class 3,29,71
2312,Student_312,Class 2,14,92
2313,Student_313,Class 1,24,68
2314,Student_314,Class 6,75,87
2315,Student_315,Class 5,58,74
2316,Student_316,Class 4,38,97
2317,Student_317,Class 5,71,93
2318,Student_318,Class 1,1,94
2319,Student_319,Class 5,52,90
2320,Student_320,Class 7,38,66
2321,Student_321,Class 2,50,79
2322,Student_322,Class 9,13,63
2323,Student_323,Class 3,42,63
2324,Student_324,Class 5,47,67
2325,Student_325,Class 4,65,78
2326,Student_326,Class 12,18,64
2327,Student_327,Class 6,76,78
2328,Student_328,Class 11,71,89
2329,Student_329,Class 5,85,82
2330,Student_330,Class 6,76,93
2331,Student_331,Class 6,50,98
2332,Student_332,Class 7,98,50
2333,Student_333,Class 12,64,52
2334,Student_334,Class 8,97,62
2335,Student_335,Class 11,46,76
2336,Student_336,Class 8,68,56
2337,Student_337,Class 4,0,99
2338,Student_338,Class 4,15,50
2339,Student_339,Class 3,61,62
2340,Student_340,Class 3,86,64
2341,Student_341,Class 10,25,85
2342,Student_342,Class 5,77,92
2343,Student_343,Class 6,87,50
2344,Student_344,Class 2,42,57
2345,Student_345,Class 6,28,90
2346,Student_346,Class 7,42,84
2347,Student_347,Class 8,51,92
2348,Student_348,Class 4,30,51
2349,Student_349,Class 2,30,81
2350,Student_350,Class 11,91,91
2351,Student_351,Class 8,66,57
2352,Student_352,Class 5,7,89
2353,Student_353,Class 4,11,95
2354,Student_354,Class 3,62,54
2355,Student_355,Class 8,65,93
2356,Student_356,Class 11,89,67
2357,Student_357,Class 10,57,77
2358,Student_358,Class 12,34,55
2359,Student_359,Class 5,89,80
2360,Student_360,Class 10,70,86
2361,Student_361,Class 11,5,70
2362,Student_362,Class 10,33,86
2363,Student_363,Class 1,91,81
2364,Student_364,Class 10,24,86
2365,Student_365,Class 5,38,71
2366,Student_366,Class 1,25,62
2367,Student_367,Class 11,5,66
2368,Student_368,Class 1,50,93
2369,Student_369,Class 5,33,66
2370,Student_370,Class 5,34,92
2371,Student_371,Class 4,31,92
2372,Student_372,Class 5,66,60
2373,Student_373,Class 10,79,67
2374,Student_374,Class 12,50,82
2375,Student_375,Class 11,0,92
2376,Student_376,Class 12,18,54
2377,Student_377,Class 5,36,74
2378,Student_378,Class 7,78,54
2379,Student_379,Class 8,9,61
2380,Student_380,Class 1,40,71
2381,Student_381,Class 11,74,64
2382,Student_382,Class 6,91,98
2383,Student_383,Class 8,29,84
2384,Student_384,Class 6,46,53
2385,Student_385,Class 3,41,53
2386,Student_386,Class 2,21,96
2387,Student_387,Class 2,68,67
2388,Student_388,Class 2,32,86
2389,Student_389,Class 7,1,59
2390,Student_390,Class 8,48,82
2391,Student_391,Class 7,79,78
2392,Student_392,Class 5,42,53
2393,Student_393,Class 4,95,64
2394,Student_394,Class 12,96,71
2395,Student_395,Class 12,31,63
2396,Student_396,Class 2,96,65
2397,Student_397,Class 1,17,67
2398,Student_398,Class 10,53,98
2399,Student_399,Class 11,10,53
2400,Student_400,Class 7,75,95
2401,Student_401,Class 8,95,61
2402,Student_402,Class 5,62,83
2403,Student_403,Class 12,52,75
2404,Student_404,Class 1,68,70
2405,Student_405,Class 10,17,76
2406,Student_406,Class 7,37,69
2407,Student_407,Class 3,87,73
2408,Student_408,Class 4,10,94
2409,Student_409,Class 2,69,58
2410,Student_410,Class 12,68,60
2411,Student_411,Class 3,82,83
2412,Student_412,Class 1,56,54
2413,Student_413,Class 8,70,92
2414,Student_414,Class 2,10,75
2415,Student_415,Class 10,27,58
2416,Student_416,Class 7,31,75
2417,Student_417,Class 9,77,99
2418,Student_418,Class 4,19,76
2419,Student_419,Class 11,98,50
2420,Student_420,Class 2,8,66
2421,Student_421,Class 11,75,70
2422,Student_422,Class 4,74,88
2423,Student_423,Class 3,30,95
2424,Student_424,Class 7,45,70
2425,Student_425,Class 12,94,50
2426,Student_426,Class 3,67,56
2427,Student_427,Class 5,99,79
2428,Student_428,Class 9,79,78
2429,Student_429,Class 5,46,69
2430,Student_430,Class 9,34,63
2431,Student_431,Class 1,19,88
2432,Student_432,Class 2,59,91
2433,Student_433,Class 11,53,56
2434,Student_434,Class 5,44,62
2435,Student_435,Class 1,68,98
2436,Student_436,Class 2,87,53
2437,Student_437,Class 10,47,74
2438,Student_438,Class 11,16,56
2439,Student_439,Class 6,29,70
2440,Student_440,Class 10,97,96
2441,Student_441,Class 3,48,54
2442,Student_442,Class 6,60,64
2443,Student_443,Class 12,95,73
2444,Student_444,Class 9,79,56
2445,Student_445,Class 5,59,79
2446,Student_446,Class 7,0,66
2447,Student_447,Class 8,37,81
2448,Student_448,Class 11,70,61
2449,Student_449,Class 10,92,88
2450,Student_450,Class 11,93,98
2451,Student_451,Class 10,74,95
2452,Student_452,Class 11,89,74
2453,Student_453,Class 2,40,81
2454,Student_454,Class 5,90,82
2455,Student_455,Class 6,65,68
2456,Student_456,Class 12,24,93
2457,Student_457,Class 2,60,80
2458,Student_458,Class 4,15,87
2459,Student_459,Class 12,36,94
2460,Student_460,Class 1,48,70
2461,Student_461,Class 11,36,51
2462,Student_462,Class 2,94,84
2463,Student_463,Class 12,39,74
2464,Student_464,Class 12,23,81
2465,Student_465,Class 3,67,50
2466,Student_466,Class 9,1,92
2467,Student_467,Class 12,20,91
2468,Student_468,Class 1,45,81
2469,Student_469,Class 1,0,61
2470,Student_470,Class 7,80,85
2471,Student_471,Class 11,11,71
2472,Student_472,Class 3,8,61
2473,Student_473,Class 6,2,73
2474,Student_474,Class 10,73,52
2475,Student_475,Class 11,74,54
2476,Student_476,Class 6,89,56
2477,Student_477,Class 6,11,56
2478,Student_478,Class 5,49,90
2479,Student_479,Class 2,81,94
2480,Student_480,Class 6,94,55
2481,Student_481,Class 10,67,85
2482,Student_482,Class 4,28,73
2483,Student_483,Class 12,93,67
2484,Student_484,Class 1,7,85
2485,Student_485,Class 1,55,68
2486,Student_486,Class 6,53,96
2487,Student_487,Class 11,38,93
2488,Student_488,Class 11,4,97
2489,Student_489,Class 3,48,66
2490,Student_490,Class 11,25,59
2491,Student_491,Class 8,87,53
2492,Student_492,Class 9,26,92
2493,Student_493,Class 9,81,75
2494,Student_494,Class 2,35,79
2495,Student_495,Class 6,0,83
2496,Student_496,Class 6,0,90
2497,Student_497,Class 11,47,74
2498,Student_498,Class 2,8,65
2499,Student_499,Class 3,0,96
2500,Student_500,Class 6,6,83
2501,Student_501,Class 1,21,98
2502,Student_502,Class 6,96,79
2503,Student_503,Class 8,76,94
2504,Student_504,Class 10,13,68
2505,Student_505,Class 1,15,76
2506,Student_506,Class 10,76,86
2507,Student_507,Class 6,91,84
2508,Student_508,Class 4,11,73
2509,Student_509,Class 10,77,60
2510,Student_510,Class 4,11,58
2511,Student_511,Class 5,17,68
2512,Student_512,Class 2,2,64
2513,Student_513,Class 4,96,74
2514,Student_514,Class 2,32,73
2515,Student_515,Class 11,43,85
2516,Student_516,Class 8,39,60
2517,Student_517,Class 1,36,65
2518,Student_518,Class 12,4,91
2519,Student_519,Class 3,56,93
2520,Student_520,Class 8,63,86
2521,Student_521,Class 3,34,66
2522,Student_522,Class 7,22,71
2523,Student_523,Class 3,40,50
2524,Student_524,Class 10,60,51
2525,Student_525,Class 9,26,98
2526,Student_526,Class 12,96,91
2527,Student_527,Class 12,77,52
2528,Student_528,Class 4,76,87
2529,Student_529,Class 8,15,54
2530,Student_530,Class 2,3,62
2531,Student_531,Class 9,37,78
2532,Student_532,Class 10,32,67
2533,Student_533,Class 10,33,84
2534,Student_534,Class 8,95,92
2535,Student_535,Class 12,81,89
2536,Student_536,Class 2,15,56
2537,Student_537,Class 6,62,91
2538,Student_538,Class 7,87,72
2539,Student_539,Class 4,89,77
2540,Student_540,Class 6,41,52
2541,Student_541,Class 2,86,73
2542,Student_542,Class 10,15,70
2543,Student_543,Class 2,54,58
2544,Student_544,Class 4,62,69
2545,Student_545,Class 11,1,64
2546,Student_546,Class 7,29,79
2547,Student_547,Class 4,5,79
2548,Student_548,Class 5,59,85
2549,Student_549,Class 5,61,76
2550,Student_550,Class 11,9,86
2551,Student_551,Class 6,20,93
2552,Student_552,Class 7,68,73
2553,Student_553,Class 1,40,69
2554,Student_554,Class 10,39,55
2555,Student_555,Class 11,30,85
2556,Student_556,Class 2,44,65
2557,Student_557,Class 5,66,71
2558,Student_558,Class 5,99,72
2559,Student_559,Class 10,0,60
2560,Student_560,Class 10,71,99
2561,Student_561,Class 3,64,67
2562,Student_562,Class 3,73,93
2563,Student_563,Class 1,73,92
2564,Student_564,Class 2,18,95
2565,Student_565,Class 7,49,66
2566,Student_566,Class 3,50,78
2567,Student_567,Class 1,74,92
2568,Student_568,Class 1,32,80
2569,Student_569,Class 1,85,75
2570,Student_570,Class 11,63,72
2571,Student_571,Class 5,59,79
2572,Student_572,Class 10,12,80
2573,Student_573,Class 6,21,54
2574,Student_574,Class 4,8,98
2575,Student_575,Class 3,20,65
2576,Student_576,Class 12,75,87
2577,Student_577,Class 6,59,96
2578,Student_578,Class 4,77,56
2579,Student_579,Class 8,9,76
2580,Student_580,Class 8,9,79
2581,Student_581,Class 12,63,73
2582,Student_582,Class 5,26,52
2583,Student_583,Class 3,40,78
2584,Student_584,Class 2,5,54
2585,Student_585,Class 3,84,61
2586,Student_586,Class 9,22,87
2587,Student_587,Class 11,3,96
2588,Student_588,Class 7,30,72
2589,Student_589,Class 3,44,67
2590,Student_590,Class 9,21,87
2591,Student_591,Class 8,67,91
2592,Student_592,Class 7,26,54
2593,Student_593,Class 5,34,79
2594,Student_594,Class 2,19,64
2595,Student_595,Class 8,37,51
2596,Student_596,Class 12,0,63
2597,Student_597,Class 7,82,55
2598,Student_598,Class 6,33,65
2599,Student_599,Class 7,54,53
2600,Student_600,Class 1,57,57
2601,Student_601,Class 12,48,69
2602,Student_602,Class 5,5,57
2603,Student_603,Class 10,46,88
2604,Student_604,Class 2,56,96
2605,Student_605,Class 10,48,83
2606,Student_606,Class 1,13,67
2607,Student_607,Class 6,32,70
2608,Student_608,Class 11,66,84
2609,Student_609,Class 6,30,86
2610,Student_610,Class 1,70,72
2611,Student_611,Class 5,66,65
2612,Student_612,Class 9,37,51
2613,Student_613,Class 8,81,96
2614,Student_614,Class 1,31,92
2615,Student_615,Class 8,52,88
2616,Student_616,Class 3,51,73
2617,Student_617,Class 10,85,50
2618,Student_618,Class 6,76,72
2619,Student_619,Class 2,10,74
2620,Student_620,Class 5,6,58
2621,Student_621,Class 4,61,58
2622,Student_622,Class 4,18,73
2623,Student_623,Class 6,36,53
2624,Student_624,Class 4,37,75
2625,Student_625,Class 3,53,78
2626,Student_626,Class 4,71,82
2627,Student_627,Class 11,21,52
2628,Student_628,Class 7,29,75
2629,Student_629,Class 3,90,61
2630,Student_630,Class 1,60,93
2631,Student_631,Class 11,0,64
2632,Student_632,Class 5,9,92
2633,Student_633,Class 6,46,69
2634,Student_634,Class 5,89,66
2635,Student_635,Class 4,94,92
2636,Student_636,Class 2,60,87
2637,Student_637,Class 6,98,87
2638,Student_638,Class 5,32,56
2639,Student_639,Class 8,41,85
2640,Student_640,Class 8,58,75
2641,Student_641,Class 11,39,94
2642,Student_642,Class 11,98,50
2643,Student_643,Class 9,99,61
2644,Student_644,Class 4,45,58
2645,Student_645,Class 10,19,68
2646,Student_646,Class 8,64,73
2647,Student_647,Class 11,87,88
2648,Student_648,Class 7,47,65
2649,Student_649,Class 4,49,64
2650,Student_650,Class 6,81,88
2651,Student_651,Class 6,18,88
2652,Student_652,Class 5,47,66
2653,Student_653,Class 11,54,51
2654,Student_654,Class 1,12,53
2655,Student_655,Class 3,30,91
2656,Student_656,Class 6,9,62
2657,Student_657,Class 11,39,94
2658,Student_658,Class 11,94,53
2659,Student_659,Class 6,79,89
2660,Student_660,Class 1,15,66
2661,Student_661,Class 2,53,93
2662,Student_662,Class 10,28,83
2663,Student_663,Class 9,59,54
2664,Student_664,Class 2,19,50
2665,Student_665,Class 9,83,97
2666,Student_666,Class 3,97,72
2667,Student_667,Class 4,27,97
2668,Student_668,Class 6,11,62
2669,Student_669,Class 10,14,74
2670,Student_670,Class 4,82,52
2671,Student_671,Class 10,78,90
2672,Student_672,Class 11,41,83
2673,Student_673,Class 8,2,50
2674,Student_674,Class 8,12,80
2675,Student_675,Class 8,27,60
2676,Student_676,Class 1,88,62
2677,Student_677,Class 7,14,85
2678,Student_678,Class 10,12,77
2679,Student_679,Class 8,6,98
2680,Student_680,Class 10,48,78
2681,Student_681,Class 3,76,97
2682,Student_682,Class 3,59,91
2683,Student_683,Class 6,0,73
2684,Student_684,Class 7,16,60
2685,Student_685,Class 9,72,77
2686,Student_686,Class 9,39,82
2687,Student_687,Class 10,64,61
2688,Student_688,Class 11,23,77
2689,Student_689,Class 10,43,97
2690,Student_690,Class 5,88,56
2691,Student_691,Class 6,32,99
2692,Student_692,Class 9,58,86
2693,Student_693,Class 7,52,87
2694,Student_694,Class 2,31,57
2695,Student_695,Class 4,72,97
2696,Student_696,Class 3,81,63
2697,Student_697,Class 10,28,69
2698,Student_698,Class 4,85,55
2699,Student_699,Class 12,93,94
2700,Student_700,Class 2,88,65
2701,Student_701,Class 7,35,89
2702,Student_702,Class 2,10,87
2703,Student_703,Class 2,4,55
2704,Student_704,Class 11,6,60
2705,Student_705,Class 1,10,76
2706,Student_706,Class 9,20,91
2707,Student_707,Class 8,91,99
2708,Student_708,Class 6,67,53
2709,Student_709,Class 7,34,54
2710,Student_710,Class 8,90,75
2711,Student_711,Class 11,7,55
2712,Student_712,Class 2,25,82
2713,Student_713,Class 10,38,58
2714,Student_714,Class 7,21,58
2715,Student_715,Class 1,83,64
2716,Student_716,Class 5,31,97
2717,Student_717,Class 9,13,90
2718,Student_718,Class 8,36,81
2719,Student_719,Class 6,19,50
2720,Student_720,Class 1,41,67
2721,Student_721,Class 3,8,55
2722,Student_722,Class 12,6,61
2723,Student_723,Class 10,85,67
2724,Student_724,Class 7,43,80
2725,Student_725,Class 1,92,65
2726,Student_726,Class 7,10,96
2727,Student_727,Class 1,97,60
2728,Student_728,Class 7,33,59
2729,Student_729,Class 7,26,53
2730,Student_730,Class 3,82,57
2731,Student_731,Class 10,84,76
2732,Student_732,Class 4,69,97
2733,Student_733,Class 3,38,59
2734,Student_734,Class 5,48,87
2735,Student_735,Class 5,23,87
2736,Student_736,Class 4,78,57
2737,Student_737,Class 11,16,87
2738,Student_738,Class 4,25,72
2739,Student_739,Class 12,13,65
2740,Student_740,Class 4,45,82
2741,Student_741,Class 9,2,55
2742,Student_742,Class 8,71,66
2743,Student_743,Class 5,40,66
2744,Student_744,Class 4,52,87
2745,Student_745,Class 2,14,69
2746,Student_746,Class 8,25,75
2747,Student_747,Class 9,89,92
2748,Student_748,Class 2,65,96
2749,Student_749,Class 1,87,63
2750,Student_750,Class 8,96,86
2751,Student_751,Class 6,48,75
2752,Student_752,Class 1,4,93
2753,Student_753,Class 11,69,59
2754,Student_754,Class 6,26,65
2755,Student_755,Class 9,87,53
2756,Student_756,Class 9,6,80
2757,Student_757,Class 2,90,98
2758,Student_758,Class 12,49,62
2759,Student_759,Class 9,60,66
2760,Student_760,Class 3,93,64
2761,Student_761,Class 3,49,86
2762,Student_762,Class 8,74,73
2763,Student_763,Class 3,23,65
2764,Student_764,Class 2,31,82
2765,Student_765,Class 10,30,88
2766,Student_766,Class 6,89,60
2767,Student_767,Class 8,79,73
2768,Student_768,Class 3,15,72
2769,Student_769,Class 10,11,87
2770,Student_770,Class 11,64,50
2771,Student_771,Class 4,4,94
2772,Student_772,Class 9,61,67
2773,Student_773,Class 4,26,51
2774,Student_774,Class 12,32,72
2775,Student_775,Class 8,67,61
2776,Student_776,Class 10,30,52
2777,Student_777,Class 8,55,82
2778,Student_778,Class 10,40,78
2779,Student_779,Class 6,45,78
2780,Student_780,Class 8,0,96
2781,Student_781,Class 3,22,64
2782,Student_782,Class 2,70,60
2783,Student_783,Class 9,93,60
2784,Student_784,Class 11,20,51
2785,Student_785,Class 7,13,73
2786,Student_786,Class 11,92,53
2787,Student_787,Class 11,74,94
2788,Student_788,Class 1,53,55
2789,Student_789,Class 10,98,69
2790,Student_790,Class 7,83,91
2791,Student_791,Class 6,78,54
2792,Student_792,Class 9,65,97
2793,Student_793,Class 8,89,68
2794,Student_794,Class 7,65,98
2795,Student_795,Class 4,37,99
2796,Student_796,Class 8,71,56
2797,Student_797,Class 1,57,85
2798,Student_798,Class 8,97,79
2799,Student_799,Class 11,52,97
2800,Student_800,Class 10,81,62
2801,Student_801,Class 4,42,51
2802,Student_802,Class 10,19,66
2803,Student_803,Class 9,57,73
2804,Student_804,Class 4,70,64
2805,Student_805,Class 11,37,72
2806,Student_806,Class 3,95,60
2807,Student_807,Class 10,54,57
2808,Student_808,Class 8,88,77
2809,Student_809,Class 9,20,65
2810,Student_810,Class 4,62,99
2811,Student_811,Class 8,48,94
2812,Student_812,Class 8,16,93
2813,Student_813,Class 4,67,85
2814,Student_814,Class 1,42,82
2815,Student_815,Class 12,55,75
2816,Student_816,Class 8,21,98
2817,Student_817,Class 5,56,83
2818,Student_818,Class 2,75,70
2819,Student_819,Class 5,83,57
2820,Student_820,Class 6,14,80
2821,Student_821,Class 9,28,99
2822,Student_822,Class 4,1,52
2823,Student_823,Class 10,52,85
2824,Student_824,Class 11,77,63
2825,Student_825,Class 4,3,90
2826,Student_826,Class 2,9,98
2827,Student_827,Class 3,38,50
2828,Student_828,Class 8,8,65
2829,Student_829,Class 6,35,80
2830,Student_830,Class 5,78,89
2831,Student_831,Class 4,49,64
2832,Student_832,Class 10,44,76
2833,Student_833,Class 4,99,80
2834,Student_834,Class 10,24,93
2835,Student_835,Class 3,9,61
2836,Student_836,Class 4,6,54
2837,Student_837,Class 5,90,65
2838,Student_838,Class 6,74,98
2839,Student_839,Class 2,8,90
2840,Student_840,Class 10,80,97
2841,Student_841,Class 11,70,58
2842,Student_842,Class 6,70,71
2843,Student_843,Class 1,43,64
2844,Student_844,Class 10,87,80
2845,Student_845,Class 8,87,96
2846,Student_846,Class 12,40,89
2847,Student_847,Class 10,53,89
2848,Student_848,Class 1,66,51
2849,Student_849,Class 10,32,99
2850,Student_850,Class 9,97,82
2851,Student_851,Class 10,80,70
2852,Student_852,Class 4,55,99
2853,Student_853,Class 12,96,52
2854,Student_854,Class 6,94,58
2855,Student_855,Class 9,12,54
2856,Student_856,Class 9,99,98
2857,Student_857,Class 5,27,79
2858,Student_858,Class 5,3,97
2859,Student_859,Class 1,72,80
2860,Student_860,Class 6,1,68
2861,Student_861,Class 3,89,69
2862,Student_862,Class 9,43,72
2863,Student_863,Class 9,22,96
2864,Student_864,Class 4,67,76
2865,Student_865,Class 3,15,63
2866,Student_866,Class 6,58,51
2867,Student_867,Class 4,10,55
2868,Student_868,Class 1,12,50
2869,Student_869,Class 6,55,72
2870,Student_870,Class 11,37,54
2871,Student_871,Class 3,30,76
2872,Student_872,Class 5,92,60
2873,Student_873,Class 1,11,69
2874,Student_874,Class 12,38,50
2875,Student_875,Class 8,70,84
2876,Student_876,Class 12,26,52
2877,Student_877,Class 7,56,73
2878,Student_878,Class 5,46,89
2879,Student_879,Class 2,34,75
2880,Student_880,Class 9,50,78
2881,Student_881,Class 8,39,81
2882,Student_882,Class 11,84,88
2883,Student_883,Class 8,50,79
2884,Student_884,Class 10,48,50
2885,Student_885,Class 6,71,69
2886,Student_886,Class 10,66,71
2887,Student_887,Class 10,91,77
2888,Student_888,Class 8,92,60
2889,Student_889,Class 11,93,52
2890,Student_890,Class 12,85,69
2891,Student_891,Class 10,99,62
2892,Student_892,Class 6,79,94
2893,Student_893,Class 6,7,68
2894,Student_894,Class 12,41,54
2895,Student_895,Class 12,4,53
2896,Student_896,Class 8,27,95
2897,Student_897,Class 1,68,85
2898,Student_898,Class 12,87,71
2899,Student_899,Class 9,76,62
2900,Student_900,Class 2,4,88
2901,Student_901,Class 9,69,50
2902,Student_902,Class 9,49,83
2903,Student_903,Class 3,62,72
2904,Student_904,Class 12,80,96
2905,Student_905,Class 11,15,94
2906,Student_906,Class 5,15,88
2907,Student_907,Class 1,98,51
2908,Student_908,Class 5,23,53
2909,Student_909,Class 9,67,68
2910,Student_910,Class 8,48,89
2911,Student_911,Class 3,83,75
2912,Student_912,Class 6,90,73
2913,Student_913,Class 10,6,97
2914,Student_914,Class 12,9,92
2915,Student_915,Class 3,67,60
2916,Student_916,Class 12,8,70
2917,Student_917,Class 4,92,67
2918,Student_918,Class 11,56,57
2919,Student_919,Class 6,44,64
2920,Student_920,Class 2,47,62
2921,Student_921,Class 12,75,54
2922,Student_922,Class 5,64,62
2923,Student_923,Class 6,75,59
2924,Student_924,Class 1,45,84
2925,Student_925,Class 3,45,71
2926,Student_926,Class 8,81,58
2927,Student_927,Class 8,66,74
2928,Student_928,Class 9,90,74
2929,Student_929,Class 1,56,97
2930,Student_930,Class 10,90,89
2931,Student_931,Class 9,71,79
2932,Student_932,Class 3,22,74
2933,Student_933,Class 5,3,82
2934,Student_934,Class 11,69,96
2935,Student_935,Class 3,53,57
2936,Student_936,Class 10,84,90
2937,Student_937,Class 6,59,71
2938,Student_938,Class 11,64,98
2939,Student_939,Class 7,93,90
2940,Student_940,Class 10,88,66
2941,Student_941,Class 9,20,69
2942,Student_942,Class 4,90,96
2943,Student_943,Class 8,93,71
2944,Student_944,Class 1,95,85
2945,Student_945,Class 1,95,93
2946,Student_946,Class 12,78,80
2947,Student_947,Class 8,15,71
2948,Student_948,Class 1,48,58
2949,Student_949,Class 12,21,52
2950,Student_950,Class 3,72,96
2951,Student_951,Class 6,1,57
2952,Student_952,Class 6,27,75
2953,Student_953,Class 12,1,64
2954,Student_954,Class 3,13,91
2955,Student_955,Class 8,7,95
2956,Student_956,Class 9,39,77
2957,Student_957,Class 8,3,60
2958,Student_958,Class 6,92,70
2959,Student_959,Class 4,59,58
2960,Student_960,Class 10,46,76
2961,Student_961,Class 7,38,65
2962,Student_962,Class 6,20,51
2963,Student_963,Class 5,52,83
2964,Student_964,Class 3,88,55
2965,Student_965,Class 1,29,74
2966,Student_966,Class 11,90,71
2967,Student_967,Class 3,50,99
2968,Student_968,Class 7,78,86
2969,Student_969,Class 11,44,57
2970,Student_970,Class 4,33,70
2971,Student_971,Class 3,20,56
2972,Student_972,Class 7,64,91
2973,Student_973,Class 1,94,82
2974,Student_974,Class 11,40,75
2975,Student_975,Class 10,85,92
2976,Student_976,Class 6,28,72
2977,Student_977,Class 7,56,79
2978,Student_978,Class 7,78,63
2979,Student_979,Class 11,97,67
2980,Student_980,Class 10,13,63
2981,Student_981,Class 12,19,71
2982,Student_982,Class 9,59,81
2983,Student_983,Class 7,74,62
2984,Student_984,Class 5,20,57
2985,Student_985,Class 5,37,90
2986,Student_986,Class 1,5,82
2987,Student_987,Class 2,36,86
2988,Student_988,Class 5,49,73
2989,Student_989,Class 4,70,59
2990,Student_990,Class 9,43,77
2991,Student_991,Class 4,65,56
2992,Student_992,Class 11,21,88
2993,Student_993,Class 8,99,57
2994,Student_994,Class 3,99,85
2995,Student_995,Class 3,24,68
2996,Student_996,Class 7,96,90
2997,Student_997,Class 10,97,65
2998,Student_998,Class 11,90,98
2999,Student_999,Class 10,38,66
3000,Student_1000,Class 11,86,86
3001,Student_1001,Class 3,43,63
3002,Student_1002,Class 5,23,92
3003,Student_1003,Class 7,25,60
3004,Student_1004,Class 5,4,51
3005,Student_1005,Class 4,82,87
3006,Student_1006,Class 8,98,87
3007,Student_1007,Class 8,43,89
3008,Student_1008,Class 8,33,86
3009,Student_1009,Class 11,61,89
3010,Student_1010,Class 11,67,95
3011,Student_1011,Class 7,88,57
3012,Student_1012,Class 9,49,93
3013,Student_1013,Class 1,59,60
3014,Student_1014,Class 2,30,51
3015,Student_1015,Class 9,36,55
3016,Student_1016,Class 11,8,55
3017,Student_1017,Class 8,89,66
3018,Student_1018,Class 9,7,97
3019,Student_1019,Class 2,2,82
3020,Student_1020,Class 7,24,65
3021,Student_1021,Class 7,90,66
3022,Student_1022,Class 11,70,89
3023,Student_1023,Class 2,30,81
3024,Student_1024,Class 12,52,91
3025,Student_1025,Class 12,9,83
3026,Student_1026,Class 2,58,83
3027,Student_1027,Class 6,47,64
3028,Student_1028,Class 5,45,50
3029,Student_1029,Class 1,8,62
3030,Student_1030,Class 5,39,97
3031,Student_1031,Class 11,68,88
3032,Student_1032,Class 5,38,69
3033,Student_1033,Class 5,56,95
3034,Student_1034,Class 6,47,60
3035,Student_1035,Class 1,44,97
3036,Student_1036,Class 12,70,58
3037,Student_1037,Class 11,77,80
3038,Student_1038,Class 7,4,79
3039,Student_1039,Class 7,4,68
3040,Student_1040,Class 12,30,76
3041,Student_1041,Class 1,19,88
3042,Student_1042,Class 11,95,87
3043,Student_1043,Class 1,94,92
3044,Student_1044,Class 11,3,65
3045,Student_1045,Class 7,75,82
3046,Student_1046,Class 7,55,77
3047,Student_1047,Class 12,72,50
3048,Student_1048,Class 12,40,85
3049,Student_1049,Class 10,48,83
3050,Student_1050,Class 12,32,65
3051,Student_1051,Class 3,62,72
3052,Student_1052,Class 8,88,52
3053,Student_1053,Class 11,22,56
3054,Student_1054,Class 6,95,52
3055,Student_1055,Class 10,85,81
3056,Student_1056,Class 7,16,91
3057,Student_1057,Class 6,52,95
3058,Student_1058,Class 11,35,67
3059,Student_1059,Class 12,9,73
3060,Student_1060,Class 9,34,93
3061,Student_1061,Class 3,47,56
3062,Student_1062,Class 10,69,65
3063,Student_1063,Class 2,6,83
3064,Student_1064,Class 7,70,75
3065,Student_1065,Class 8,73,82
3066,Student_1066,Class 5,69,79
3067,Student_1067,Class 2,4,96
3068,Student_1068,Class 12,27,56
3069,Student_1069,Class 7,98,77
3070,Student_1070,Class 5,67,92
3071,Student_1071,Class 12,93,73
3072,Student_1072,Class 10,64,83
3073,Student_1073,Class 1,56,90
3074,Student_1074,Class 3,90,86
3075,Student_1075,Class 9,45,60
3076,Student_1076,Class 6,5,87
3077,Student_1077,Class 9,26,69
3078,Student_1078,Class 12,3,66
3079,Student_1079,Class 4,32,78
3080,Student_1080,Class 7,51,54
3081,Student_1081,Class 7,68,84
3082,Student_1082,Class 12,71,75
3083,Student_1083,Class 1,67,83
3084,Student_1084,Class 11,96,72
3085,Student_1085,Class 3,36,85
3086,Student_1086,Class 11,28,68
3087,Student_1087,Class 6,83,80
3088,Student_1088,Class 3,5,80
3089,Student_1089,Class 5,52,55
3090,Student_1090,Class 7,75,81
3091,Student_1091,Class 4,97,59
3092,Student_1092,Class 7,23,66
3093,Student_1093,Class 10,30,82
3094,Student_1094,Class 12,66,99
3095,Student_1095,Class 4,26,94
3096,Student_1096,Class 12,10,66
3097,Student_1097,Class 9,13,86
3098,Student_1098,Class 1,81,72
3099,Student_1099,Class 4,86,99
3100,Student_1100,Class 10,68,67
3101,Student_1101,Class 6,85,52
3102,Student_1102,Class 9,81,64
3103,Student_1103,Class 9,63,74
3104,Student_1104,Class 8,69,76
3105,Student_1105,Class 6,24,52
3106,Student_1106,Class 9,82,92
3107,Student_1107,Class 10,9,52
3108,Student_1108,Class 2,50,68
3109,Student_1109,Class 1,13,96
3110,Student_1110,Class 2,58,68
3111,Student_1111,Class 9,17,86
3112,Student_1112,Class 10,36,65
3113,Student_1113,Class 8,0,96
3114,Student_1114,Class 1,99,76
3115,Student_1115,Class 11,91,52
3116,Student_1116,Class 12,39,98
3117,Student_1117,Class 7,65,87
3118,Student_1118,Class 10,38,56
3119,Student_1119,Class 2,44,96
3120,Student_1120,Class 3,79,63
3121,Student_1121,Class 5,51,55
3122,Student_1122,Class 9,25,50
3123,Student_1123,Class 11,10,66
3124,Student_1124,Class 2,82,92
3125,Student_1125,Class 3,61,70
3126,Student_1126,Class 12,81,70
3127,Student_1127,Class 2,94,87
3128,Student_1128,Class 4,45,79
3129,Student_1129,Class 5,32,76
3130,Student_1130,Class 9,79,61
3131,Student_1131,Class 2,65,55
3132,Student_1132,Class 7,78,63
3133,Student_1133,Class 9,22,81
3134,Student_1134,Class 12,95,51
3135,Student_1135,Class 1,95,83
3136,Student_1136,Class 11,32,78
3137,Student_1137,Class 8,33,59
3138,Student_1138,Class 4,33,76
3139,Student_1139,Class 9,17,77
3140,Student_1140,Class 3,79,87
3141,Student_1141,Class 6,50,95
3142,Student_1142,Class 10,61,98
3143,Student_1143,Class 9,59,90
3144,Student_1144,Class 7,44,96
3145,Student_1145,Class 7,67,92
3146,Student_1146,Class 3,42,87
3147,Student_1147,Class 10,89,86
3148,Student_1148,Class 11,45,90
3149,Student_1149,Class 4,37,64
3150,Student_1150,Class 7,97,54
3151,Student_1151,Class 6,12,73
3152,Student_1152,Class 9,19,62
3153,Student_1153,Class 9,49,81
3154,Student_1154,Class 5,25,52
3155,Student_1155,Class 6,75,98
3156,Student_1156,Class 7,47,60
3157,Student_1157,Class 12,24,72
3158,Student_1158,Class 9,12,74
3159,Student_1159,Class 12,87,89
3160,Student_1160,Class 7,91,76
3161,Student_1161,Class 2,76,99
3162,Student_1162,Class 1,84,84
3163,Student_1163,Class 5,21,81
3164,Student_1164,Class 1,22,78
3165,Student_1165,Class 9,55,60
3166,Student_1166,Class 4,16,85
3167,Student_1167,Class 4,53,70
3168,Student_1168,Class 3,27,91
3169,Student_1169,Class 10,76,80
3170,Student_1170,Class 3,76,86
3171,Student_1171,Class 12,92,95
3172,Student_1172,Class 5,13,66
3173,Student_1173,Class 5,52,99
3174,Student_1174,Class 1,59,56
3175,Student_1175,Class 11,24,53
3176,Student_1176,Class 11,56,74
3177,Student_1177,Class 12,9,97
3178,Student_1178,Class 5,2,87
3179,Student_1179,Class 8,45,78
3180,Student_1180,Class 11,98,61
3181,Student_1181,Class 11,21,92
3182,Student_1182,Class 6,90,58
3183,Student_1183,Class 4,82,91
3184,Student_1184,Class 12,53,97
3185,Student_1185,Class 11,0,57
3186,Student_1186,Class 2,61,93
3187,Student_1187,Class 7,8,60
3188,Student_1188,Class 3,77,86
3189,Student_1189,Class 7,66,77
3190,Student_1190,Class 7,21,65
3191,Student_1191,Class 2,38,81
3192,Student_1192,Class 9,72,57
3193,Student_1193,Class 8,41,95
3194,Student_1194,Class 6,30,79
3195,Student_1195,Class 7,73,63
3196,Student_1196,Class 6,30,61
3197,Student_1197,Class 10,59,51
3198,Student_1198,Class 8,26,89
3199,Student_1199,Class 9,15,90
3200,Student_1200,Class 12,45,60
3201,Student_1201,Class 6,49,91
3202,Student_1202,Class 5,13,66
3203,Student_1203,Class 5,39,56
3204,Student_1204,Class 7,47,58
3205,Student_1205,Class 8,63,89
3206,Student_1206,Class 9,25,81
3207,Student_1207,Class 4,16,63
3208,Student_1208,Class 5,79,84
3209,Student_1209,Class 10,3,97
3210,Student_1210,Class 1,20,96
3211,Student_1211,Class 7,3,67
3212,Student_1212,Class 8,31,57
3213,Student_1213,Class 7,18,63
3214,Student_1214,Class 7,54,52
3215,Student_1215,Class 12,57,69
3216,Student_1216,Class 11,87,82
3217,Student_1217,Class 9,90,75
3218,Student_1218,Class 8,11,60
3219,Student_1219,Class 3,78,92
3220,Student_1220,Class 11,66,82
3221,Student_1221,Class 1,13,84
3222,Student_1222,Class 1,65,61
3223,Student_1223,Class 6,30,98
3224,Student_1224,Class 5,58,51
3225,Student_1225,Class 6,88,73
3226,Student_1226,Class 5,61,85
3227,Student_1227,Class 1,59,62
3228,Student_1228,Class 11,4,77
3229,Student_1229,Class 10,85,97
3230,Student_1230,Class 11,51,71
3231,Student_1231,Class 4,56,54
3232,Student_1232,Class 11,61,82
3233,Student_1233,Class 5,54,88
3234,Student_1234,Class 1,56,54
3235,Student_1235,Class 11,89,99
3236,Student_1236,Class 8,46,89
3237,Student_1237,Class 11,21,57
3238,Student_1238,Class 5,81,75
3239,Student_1239,Class 3,30,99
3240,Student_1240,Class 4,61,71
3241,Student_1241,Class 7,64,73
3242,Student_1242,Class 7,95,86
3243,Student_1243,Class 12,23,81
3244,Student_1244,Class 12,98,86
3245,Student_1245,Class 1,55,53
3246,Student_1246,Class 12,68,92
3247,Student_1247,Class 1,46,59
3248,Student_1248,Class 1,43,86
3249,Student_1249,Class 10,5,76
3250,Student_1250,Class 11,98,85
3251,Student_1251,Class 10,77,52
3252,Student_1252,Class 7,38,85
3253,Student_1253,Class 6,34,66
3254,Student_1254,Class 12,90,73
3255,Student_1255,Class 2,33,80
3256,Student_1256,Class 6,7,80
3257,Student_1257,Class 11,9,81
3258,Student_1258,Class 11,25,50
3259,Student_1259,Class 11,4,63
3260,Student_1260,Class 11,11,65
3261,Student_1261,Class 8,96,95
3262,Student_1262,Class 12,73,71
3263,Student_1263,Class 10,63,65
3264,Student_1264,Class 3,48,97
3265,Student_1265,Class 5,0,64
3266,Student_1266,Class 7,71,64
3267,Student_1267,Class 11,42,63
3268,Student_1268,Class 7,47,63
3269,Student_1269,Class 11,23,77
3270,Student_1270,Class 7,98,68
3271,Student_1271,Class 5,61,60
3272,Student_1272,Class 4,70,76
3273,Student_1273,Class 5,40,55
3274,Student_1274,Class 4,55,80
3275,Student_1275,Class 11,30,98
3276,Student_1276,Class 4,63,64
3277,Student_1277,Class 10,75,98
3278,Student_1278,Class 10,9,57
3279,Student_1279,Class 8,75,82
3280,Student_1280,Class 4,29,94
3281,Student_1281,Class 7,71,64
3282,Student_1282,Class 7,97,50
3283,Student_1283,Class 6,11,98
3284,Student_1284,Class 9,87,50
3285,Student_1285,Class 5,99,73
3286,Student_1286,Class 6,86,77
3287,Student_1287,Class 11,58,66
3288,Student_1288,Class 4,37,74
3289,Student_1289,Class 8,40,95
3290,Student_1290,Class 6,99,66
3291,Student_1291,Class 7,21,83
3292,Student_1292,Class 6,78,85
3293,Student_1293,Class 2,85,97
3294,Student_1294,Class 10,36,53
3295,Student_1295,Class 11,36,52
3296,Student_1296,Class 6,53,72
3297,Student_1297,Class 11,22,53
3298,Student_1298,Class 10,63,75
3299,Student_1299,Class 5,28,52
3300,Student_1300,Class 3,8,55
3301,Student_1301,Class 4,99,57
3302,Student_1302,Class 2,46,70
3303,Student_1303,Class 8,39,91
3304,Student_1304,Class 9,44,96
3305,Student_1305,Class 9,96,82
3306,Student_1306,Class 1,54,84
3307,Student_1307,Class 5,28,86
3308,Student_1308,Class 11,83,55
3309,Student_1309,Class 11,43,99
3310,Student_1310,Class 4,67,69
3311,Student_1311,Class 2,72,55
3312,Student_1312,Class 5,55,90
3313,Student_1313,Class 6,21,50
3314,Student_1314,Class 12,3,73
3315,Student_1315,Class 10,84,63
3316,Student_1316,Class 2,81,93
3317,Student_1317,Class 5,5,64
3318,Student_1318,Class 6,83,58
3319,Student_1319,Class 5,0,76
3320,Student_1320,Class 5,60,57
3321,Student_1321,Class 7,14,80
3322,Student_1322,Class 5,43,78
3323,Student_1323,Class 9,98,75
3324,Student_1324,Class 12,93,50
3325,Student_1325,Class 4,52,54
3326,Student_1326,Class 2,48,88
3327,Student_1327,Class 5,25,58
3328,Student_1328,Class 7,91,98
3329,Student_1329,Class 2,63,98
3330,Student_1330,Class 9,75,77
3331,Student_1331,Class 9,8,93
3332,Student_1332,Class 3,61,97
3333,Student_1333,Class 8,25,84
3334,Student_1334,Class 11,29,83
3335,Student_1335,Class 7,73,93
3336,Student_1336,Class 7,38,61
3337,Student_1337,Class 7,72,77
3338,Student_1338,Class 11,97,64
3339,Student_1339,Class 3,83,62
3340,Student_1340,Class 12,39,99
3341,Student_1341,Class 2,3,90
3342,Student_1342,Class 7,10,81
3343,Student_1343,Class 9,74,71
3344,Student_1344,Class 8,54,98
3345,Student_1345,Class 2,32,86
3346,Student_1346,Class 7,4,89
3347,Student_1347,Class 5,20,91
3348,Student_1348,Class 12,91,84
3349,Student_1349,Class 8,72,85
3350,Student_1350,Class 11,16,83
3351,Student_1351,Class 1,42,70
3352,Student_1352,Class 9,48,69
3353,Student_1353,Class 12,51,73
3354,Student_1354,Class 1,99,83
3355,Student_1355,Class 5,59,84
3356,Student_1356,Class 9,90,84
3357,Student_1357,Class 1,9,98
3358,Student_1358,Class 1,19,66
3359,Student_1359,Class 1,22,54
3360,Student_1360,Class 12,49,99
3361,Student_1361,Class 6,95,82
3362,Student_1362,Class 8,77,50
3363,Student_1363,Class 4,41,90
3364,Student_1364,Class 6,88,78
3365,Student_1365,Class 12,89,72
3366,Student_1366,Class 12,80,98
3367,Student_1367,Class 10,70,88
3368,Student_1368,Class 6,16,82
3369,Student_1369,Class 9,17,73
3370,Student_1370,Class 3,77,58
3371,Student_1371,Class 7,0,59
3372,Student_1372,Class 6,94,64
3373,Student_1373,Class 2,17,50
3374,Student_1374,Class 6,12,68
3375,Student_1375,Class 7,55,98
3376,Student_1376,Class 3,13,92
3377,Student_1377,Class 7,6,56
3378,Student_1378,Class 6,99,80
3379,Student_1379,Class 4,69,81
3380,Student_1380,Class 2,66,61
3381,Student_1381,Class 1,8,55
3382,Student_1382,Class 5,62,87
3383,Student_1383,Class 8,96,66
3384,Student_1384,Class 2,72,52
3385,Student_1385,Class 3,71,58
3386,Student_1386,Class 7,65,93
3387,Student_1387,Class 9,45,92
3388,Student_1388,Class 12,1,82
3389,Student_1389,Class 10,74,63
3390,Student_1390,Class 2,72,55
3391,Student_1391,Class 6,84,54
3392,Student_1392,Class 8,66,81
3393,Student_1393,Class 1,5,68
3394,Student_1394,Class 5,88,95
3395,Student_1395,Class 10,88,57
3396,Student_1396,Class 12,51,71
3397,Student_1397,Class 7,68,55
3398,Student_1398,Class 2,75,71
3399,Student_1399,Class 9,41,55
3400,Student_1400,Class 7,47,88
3401,Student_1401,Class 10,56,57
3402,Student_1402,Class 12,45,63
3403,Student_1403,Class 6,87,74
3404,Student_1404,Class 11,57,53
3405,Student_1405,Class 5,18,56
3406,Student_1406,Class 5,44,59
3407,Student_1407,Class 5,54,83
3408,Student_1408,Class 2,4,51
3409,Student_1409,Class 12,93,92
3410,Student_1410,Class 12,95,54
3411,Student_1411,Class 2,47,53
3412,Student_1412,Class 5,39,63
3413,Student_1413,Class 9,47,76
3414,Student_1414,Class 6,86,81
3415,Student_1415,Class 1,69,67
3416,Student_1416,Class 8,36,54
3417,Student_1417,Class 5,47,56
3418,Student_1418,Class 2,40,55
3419,Student_1419,Class 5,32,94
3420,Student_1420,Class 10,10,98
3421,Student_1421,Class 7,62,76
3422,Student_1422,Class 5,88,73
3423,Student_1423,Class 12,53,53
3424,Student_1424,Class 11,28,51
3425,Student_1425,Class 4,32,99
3426,Student_1426,Class 3,4,88
3427,Student_1427,Class 3,1,55
3428,Student_1428,Class 9,68,57
3429,Student_1429,Class 7,94,94
3430,Student_1430,Class 3,27,60
3431,Student_1431,Class 12,64,56
3432,Student_1432,Class 4,63,91
3433,Student_1433,Class 10,20,90
3434,Student_1434,Class 7,32,83
3435,Student_1435,Class 4,99,72
3436,Student_1436,Class 6,73,86
3437,Student_1437,Class 2,80,50
3438,Student_1438,Class 10,66,60
3439,Student_1439,Class 8,2,97
3440,Student_1440,Class 5,51,69
3441,Student_1441,Class 3,27,83
3442,Student_1442,Class 12,56,52
3443,Student_1443,Class 10,95,59
3444,Student_1444,Class 3,75,99
3445,Student_1445,Class 5,16,90
3446,Student_1446,Class 4,17,59
3447,Student_1447,Class 7,89,59
3448,Student_1448,Class 11,71,65
3449,Student_1449,Class 9,94,57
3450,Student_1450,Class 11,40,65
3451,Student_1451,Class 6,76,89
3452,Student_1452,Class 7,5,84
3453,Student_1453,Class 10,78,77
3454,Student_1454,Class 3,76,88
3455,Student_1455,Class 1,28,93
3456,Student_1456,Class 5,38,71
3457,Student_1457,Class 8,77,61
3458,Student_1458,Class 8,47,55
3459,Student_1459,Class 9,95,62
3460,Student_1460,Class 1,8,92
3461,Student_1461,Class 7,15,71
3462,Student_1462,Class 1,83,53
3463,Student_1463,Class 5,9,84
3464,Student_1464,Class 12,80,91
3465,Student_1465,Class 11,9,72
3466,Student_1466,Class 8,72,58
3467,Student_1467,Class 10,88,71
3468,Student_1468,Class 7,93,60
3469,Student_1469,Class 5,4,60
3470,Student_1470,Class 10,87,65
3471,Student_1471,Class 11,63,84
3472,Student_1472,Class 8,5,53
3473,Student_1473,Class 4,78,86
3474,Student_1474,Class 6,5,99
3475,Student_1475,Class 3,52,69
3476,Student_1476,Class 12,68,78
3477,Student_1477,Class 12,90,72
3478,Student_1478,Class 11,45,62
3479,Student_1479,Class 8,63,77
3480,Student_1480,Class 7,80,85
3481,Student_1481,Class 12,23,99
3482,Student_1482,Class 4,28,78
3483,Student_1483,Class 3,35,63
3484,Student_1484,Class 1,33,82
3485,Student_1485,Class 7,20,52
3486,Student_1486,Class 2,1,79
3487,Student_1487,Class 6,58,72
3488,Student_1488,Class 11,84,58
3489,Student_1489,Class 6,29,69
3490,Student_1490,Class 9,36,96
3491,Student_1491,Class 1,25,78
3492,Student_1492,Class 8,78,94
3493,Student_1493,Class 4,33,55
3494,Student_1494,Class 6,77,60
3495,Student_1495,Class 10,55,94
3496,Student_1496,Class 6,12,72
3497,Student_1497,Class 8,20,69
3498,Student_1498,Class 11,38,95
3499,Student_1499,Class 3,13,60
3500,Student_1500,Class 12,26,96
3501,Student_1501,Class 6,5,74
3502,Student_1502,Class 4,80,93
3503,Student_1503,Class 11,41,72
3504,Student_1504,Class 4,99,95
3505,Student_1505,Class 1,65,90
3506,Student_1506,Class 11,77,58
3507,Student_1507,Class 7,40,85
3508,Student_1508,Class 1,13,69
3509,Student_1509,Class 1,18,70
3510,Student_1510,Class 4,67,67
3511,Student_1511,Class 4,9,95
3512,Student_1512,Class 4,19,71
3513,Student_1513,Class 6,97,69
3514,Student_1514,Class 4,27,74
3515,Student_1515,Class 6,35,79
3516,Student_1516,Class 1,43,90
3517,Student_1517,Class 7,99,96
3518,Student_1518,Class 1,85,95
3519,Student_1519,Class 1,74,66
3520,Student_1520,Class 6,0,63
3521,Student_1521,Class 3,30,62
3522,Student_1522,Class 10,19,72
3523,Student_1523,Class 4,11,56
3524,Student_1524,Class 2,13,79
3525,Student_1525,Class 6,24,84
3526,Student_1526,Class 8,0,94
3527,Student_1527,Class 6,81,63
3528,Student_1528,Class 10,42,79
3529,Student_1529,Class 12,34,77
3530,Student_1530,Class 11,91,88
3531,Student_1531,Class 12,78,69
3532,Student_1532,Class 10,19,69
3533,Student_1533,Class 11,80,64
3534,Student_1534,Class 12,51,85
3535,Student_1535,Class 7,45,69
3536,Student_1536,Class 8,25,98
3537,Student_1537,Class 4,64,90
3538,Student_1538,Class 2,78,80
3539,Student_1539,Class 8,28,96
3540,Student_1540,Class 9,26,50
3541,Student_1541,Class 8,15,99
3542,Student_1542,Class 7,86,69
3543,Student_1543,Class 10,71,73
3544,Student_1544,Class 2,82,81
3545,Student_1545,Class 9,84,72
3546,Student_1546,Class 7,34,93
3547,Student_1547,Class 3,12,97
3548,Student_1548,Class 7,86,91
3549,Student_1549,Class 5,45,83
3550,Student_1550,Class 3,40,82
3551,Student_1551,Class 8,73,99
3552,Student_1552,Class 9,21,80
3553,Student_1553,Class 4,12,63
3554,Student_1554,Class 12,91,70
3555,Student_1555,Class 1,71,89
3556,Student_1556,Class 3,33,87
3557,Student_1557,Class 1,40,59
3558,Student_1558,Class 8,3,72
3559,Student_1559,Class 9,89,99
3560,Student_1560,Class 4,68,69
3561,Student_1561,Class 4,89,93
3562,Student_1562,Class 9,18,89
3563,Student_1563,Class 3,61,86
3564,Student_1564,Class 9,35,68
3565,Student_1565,Class 2,40,93
3566,Student_1566,Class 4,41,89
3567,Student_1567,Class 5,83,87
3568,Student_1568,Class 7,86,69
3569,Student_1569,Class 11,8,71
3570,Student_1570,Class 4,99,55
3571,Student_1571,Class 10,45,66
3572,Student_1572,Class 4,80,52
3573,Student_1573,Class 11,63,65
3574,Student_1574,Class 11,44,93
3575,Student_1575,Class 1,23,89
3576,Student_1576,Class 10,72,88
3577,Student_1577,Class 6,19,84
3578,Student_1578,Class 2,78,89
3579,Student_1579,Class 2,65,50
3580,Student_1580,Class 1,41,86
3581,Student_1581,Class 2,42,52
3582,Student_1582,Class 1,90,75
3583,Student_1583,Class 10,54,71
3584,Student_1584,Class 5,60,61
3585,Student_1585,Class 3,39,98
3586,Student_1586,Class 4,68,83
3587,Student_1587,Class 6,43,96
3588,Student_1588,Class 5,99,58
3589,Student_1589,Class 2,30,66
3590,Student_1590,Class 8,93,57
3591,Student_1591,Class 4,56,63
3592,Student_1592,Class 1,7,53
3593,Student_1593,Class 2,73,62
3594,Student_1594,Class 8,85,73
3595,Student_1595,Class 12,95,93
3596,Student_1596,Class 10,37,67
3597,Student_1597,Class 6,11,56
3598,Student_1598,Class 10,28,75
3599,Student_1599,Class 5,28,52
3600,Student_1600,Class 8,9,64
3601,Student_1601,Class 12,55,64
3602,Student_1602,Class 9,64,93
3603,Student_1603,Class 2,85,81
3604,Student_1604,Class 2,92,93
3605,Student_1605,Class 6,76,69
3606,Student_1606,Class 1,61,96
3607,Student_1607,Class 7,89,81
3608,Student_1608,Class 6,36,91
3609,Student_1609,Class 3,91,64
3610,Student_1610,Class 7,39,56
3611,Student_1611,Class 9,16,59
3612,Student_1612,Class 7,45,67
3613,Student_1613,Class 6,93,63
3614,Student_1614,Class 11,96,58
3615,Student_1615,Class 11,16,74
3616,Student_1616,Class 8,33,71
3617,Student_1617,Class 9,63,62
3618,Student_1618,Class 7,15,65
3619,Student_1619,Class 9,10,94
3620,Student_1620,Class 3,28,64
3621,Student_1621,Class 9,10,81
3622,Student_1622,Class 7,66,83
3623,Student_1623,Class 5,17,65
3624,Student_1624,Class 6,41,68
3625,Student_1625,Class 10,83,72
3626,Student_1626,Class 3,24,92
3627,Student_1627,Class 11,82,70
3628,Student_1628,Class 10,15,53
3629,Student_1629,Class 7,40,96
3630,Student_1630,Class 4,28,91
3631,Student_1631,Class 6,72,50
3632,Student_1632,Class 2,87,98
3633,Student_1633,Class 5,95,70
3634,Student_1634,Class 8,62,89
3635,Student_1635,Class 4,88,65
3636,Student_1636,Class 3,69,72
3637,Student_1637,Class 5,57,62
3638,Student_1638,Class 6,23,90
3639,Student_1639,Class 2,8,78
3640,Student_1640,Class 12,23,70
3641,Student_1641,Class 2,61,64
3642,Student_1642,Class 4,93,77
3643,Student_1643,Class 7,55,98
3644,Student_1644,Class 3,0,77
3645,Student_1645,Class 6,51,90
3646,Student_1646,Class 6,95,90
3647,Student_1647,Class 11,22,64
3648,Student_1648,Class 3,69,74
3649,Student_1649,Class 9,47,58
3650,Student_1650,Class 9,95,99
3651,Student_1651,Class 1,28,97
3652,Student_1652,Class 11,65,89
3653,Student_1653,Class 7,3,88
3654,Student_1654,Class 8,88,75
3655,Student_1655,Class 6,12,91
3656,Student_1656,Class 6,31,55
3657,Student_1657,Class 7,41,79
3658,Student_1658,Class 8,60,80
3659,Student_1659,Class 6,23,86
3660,Student_1660,Class 4,90,70
3661,Student_1661,Class 4,7,53
3662,Student_1662,Class 12,71,89
3663,Student_1663,Class 2,12,89
3664,Student_1664,Class 2,22,67
3665,Student_1665,Class 5,47,65
3666,Student_1666,Class 7,34,70
3667,Student_1667,Class 8,10,62
3668,Student_1668,Class 3,3,75
3669,Student_1669,Class 9,12,88
3670,Student_1670,Class 10,37,56
3671,Student_1671,Class 8,33,80
3672,Student_1672,Class 10,95,98
3673,Student_1673,Class 8,20,59
3674,Student_1674,Class 1,42,68
3675,Student_1675,Class 12,21,58
3676,Student_1676,Class 3,25,70
3677,Student_1677,Class 11,48,77
3678,Student_1678,Class 6,25,79
3679,Student_1679,Class 3,13,61
3680,Student_1680,Class 3,16,57
3681,Student_1681,Class 4,33,61
3682,Student_1682,Class 10,83,71
3683,Student_1683,Class 10,87,66
3684,Student_1684,Class 11,99,55
3685,Student_1685,Class 12,6,97
3686,Student_1686,Class 7,76,97
3687,Student_1687,Class 9,48,83
3688,Student_1688,Class 3,85,71
3689,Student_1689,Class 3,11,50
3690,Student_1690,Class 6,37,66
3691,Student_1691,Class 6,95,54
3692,Student_1692,Class 6,63,72
3693,Student_1693,Class 6,2,72
3694,Student_1694,Class 4,51,86
3695,Student_1695,Class 8,65,81
3696,Student_1696,Class 8,37,94
3697,Student_1697,Class 8,60,60
3698,Student_1698,Class 6,81,70
3699,Student_1699,Class 12,17,59
3700,Student_1700,Class 1,9,69
3701,Student_1701,Class 1,99,67
3702,Student_1702,Class 3,14,58
3703,Student_1703,Class 2,90,73
3704,Student_1704,Class 1,3,97
3705,Student_1705,Class 1,34,67
3706,Student_1706,Class 6,67,79
3707,Student_1707,Class 3,4,56
3708,Student_1708,Class 8,82,81
3709,Student_1709,Class 6,74,70
3710,Student_1710,Class 8,61,89
3711,Student_1711,Class 6,70,70
3712,Student_1712,Class 11,65,73
3713,Student_1713,Class 10,41,87
3714,Student_1714,Class 10,96,51
3715,Student_1715,Class 1,15,99
3716,Student_1716,Class 2,62,97
3717,Student_1717,Class 12,70,59
3718,Student_1718,Class 12,34,89
3719,Student_1719,Class 5,88,61
3720,Student_1720,Class 1,79,58
3721,Student_1721,Class 6,25,66
3722,Student_1722,Class 4,12,50
3723,Student_1723,Class 1,35,86
3724,Student_1724,Class 7,43,92
3725,Student_1725,Class 11,38,82
3726,Student_1726,Class 2,82,72
3727,Student_1727,Class 6,20,64
3728,Student_1728,Class 6,7,63
3729,Student_1729,Class 10,38,78
3730,Student_1730,Class 7,96,52
3731,Student_1731,Class 3,26,76
3732,Student_1732,Class 11,85,76
3733,Student_1733,Class 7,79,61
3734,Student_1734,Class 11,87,86
3735,Student_1735,Class 8,41,58
3736,Student_1736,Class 2,72,72
3737,Student_1737,Class 8,9,94
3738,Student_1738,Class 4,67,59
3739,Student_1739,Class 2,54,53
3740,Student_1740,Class 12,89,81
3741,Student_1741,Class 11,55,52
3742,Student_1742,Class 9,72,55
3743,Student_1743,Class 4,16,89
3744,Student_1744,Class 11,66,91
3745,Student_1745,Class 3,19,59
3746,Student_1746,Class 1,15,63
3747,Student_1747,Class 1,61,79
3748,Student_1748,Class 5,16,66
3749,Student_1749,Class 8,90,67
3750,Student_1750,Class 9,45,71
3751,Student_1751,Class 6,7,65
3752,Student_1752,Class 10,34,64
3753,Student_1753,Class 9,49,85
3754,Student_1754,Class 8,90,84
3755,Student_1755,Class 5,21,75
3756,Student_1756,Class 6,53,77
3757,Student_1757,Class 7,25,55
3758,Student_1758,Class 4,69,96
3759,Student_1759,Class 5,43,51
3760,Student_1760,Class 11,9,90
3761,Student_1761,Class 12,70,57
3762,Student_1762,Class 8,48,86
3763,Student_1763,Class 8,55,55
3764,Student_1764,Class 5,87,86
3765,Student_1765,Class 6,34,51
3766,Student_1766,Class 10,20,69
3767,Student_1767,Class 11,70,74
3768,Student_1768,Class 9,85,76
3769,Student_1769,Class 2,34,62
3770,Student_1770,Class 1,51,82
3771,Student_1771,Class 2,11,50
3772,Student_1772,Class 4,48,81
3773,Student_1773,Class 4,31,90
3774,Student_1774,Class 2,39,53
3775,Student_1775,Class 4,61,56
3776,Student_1776,Class 7,89,72
3777,Student_1777,Class 9,95,84
3778,Student_1778,Class 4,31,68
3779,Student_1779,Class 3,29,89
3780,Student_1780,Class 12,24,61
3781,Student_1781,Class 12,47,58
3782,Student_1782,Class 5,28,91
3783,Student_1783,Class 9,98,90
3784,Student_1784,Class 8,15,66
3785,Student_1785,Class 1,64,94
3786,Student_1786,Class 2,41,89
3787,Student_1787,Class 7,17,60
3788,Student_1788,Class 4,5,81
3789,Student_1789,Class 11,53,71
3790,Student_1790,Class 10,69,95
3791,Student_1791,Class 4,52,95
3792,Student_1792,Class 6,2,78
3793,Student_1793,Class 4,58,84
3794,Student_1794,Class 11,50,71
3795,Student_1795,Class 11,55,51
3796,Student_1796,Class 3,9,55
3797,Student_1797,Class 6,35,91
3798,Student_1798,Class 12,36,77
3799,Student_1799,Class 1,58,87
3800,Student_1800,Class 11,51,57
3801,Student_1801,Class 11,43,51
3802,Student_1802,Class 12,11,78
3803,Student_1803,Class 11,61,85
3804,Student_1804,Class 2,68,64
3805,Student_1805,Class 1,10,93
3806,Student_1806,Class 2,72,79
3807,Student_1807,Class 6,7,66
3808,Student_1808,Class 8,72,56
3809,Student_1809,Class 4,34,60
3810,Student_1810,Class 6,61,84
3811,Student_1811,Class 8,70,50
3812,Student_1812,Class 1,16,69
3813,Student_1813,Class 11,59,82
3814,Student_1814,Class 1,31,88
3815,Student_1815,Class 7,66,94
3816,Student_1816,Class 7,76,92
3817,Student_1817,Class 9,58,89
3818,Student_1818,Class 9,63,56
3819,Student_1819,Class 3,48,77
3820,Student_1820,Class 11,82,66
3821,Student_1821,Class 8,94,78
3822,Student_1822,Class 11,27,54
3823,Student_1823,Class 11,92,64
3824,Student_1824,Class 11,0,79
3825,Student_1825,Class 8,78,87
3826,Student_1826,Class 1,57,80
3827,Student_1827,Class 2,38,55
3828,Student_1828,Class 2,91,86
3829,Student_1829,Class 12,15,62
3830,Student_1830,Class 9,78,96
3831,Student_1831,Class 6,9,60
3832,Student_1832,Class 12,24,51
3833,Student_1833,Class 11,87,98
3834,Student_1834,Class 5,91,52
3835,Student_1835,Class 4,91,52
3836,Student_1836,Class 9,4,63
3837,Student_1837,Class 6,80,57
3838,Student_1838,Class 7,98,90
3839,Student_1839,Class 11,44,88
3840,Student_1840,Class 2,18,90
3841,Student_1841,Class 5,99,73
3842,Student_1842,Class 11,91,71
3843,Student_1843,Class 5,38,88
3844,Student_1844,Class 12,6,80
3845,Student_1845,Class 3,67,75
3846,Student_1846,Class 9,0,93
3847,Student_1847,Class 5,65,54
3848,Student_1848,Class 11,51,73
3849,Student_1849,Class 2,6,99
3850,Student_1850,Class 9,80,94
3851,Student_1851,Class 7,21,81
3852,Student_1852,Class 7,91,73
3853,Student_1853,Class 3,21,80
3854,Student_1854,Class 11,99,71
3855,Student_1855,Class 5,64,86
3856,Student_1856,Class 12,53,51
3857,Student_1857,Class 8,29,64
3858,Student_1858,Class 6,95,79
3859,Student_1859,Class 1,36,83
3860,Student_1860,Class 1,98,68
3861,Student_1861,Class 9,51,72
3862,Student_1862,Class 10,16,68
3863,Student_1863,Class 8,55,57
3864,Student_1864,Class 5,55,58
3865,Student_1865,Class 4,22,93
3866,Student_1866,Class 6,37,76
3867,Student_1867,Class 12,80,71
3868,Student_1868,Class 8,67,79
3869,Student_1869,Class 5,19,87
3870,Student_1870,Class 5,15,65
3871,Student_1871,Class 7,67,83
3872,Student_1872,Class 1,44,97
3873,Student_1873,Class 7,47,89
3874,Student_1874,Class 8,31,63
3875,Student_1875,Class 1,93,94
3876,Student_1876,Class 7,70,56
3877,Student_1877,Class 5,30,50
3878,Student_1878,Class 6,40,81
3879,Student_1879,Class 3,25,98
3880,Student_1880,Class 5,19,66
3881,Student_1881,Class 6,33,86
3882,Student_1882,Class 10,86,62
3883,Student_1883,Class 12,10,95
3884,Student_1884,Class 8,19,57
3885,Student_1885,Class 3,85,85
3886,Student_1886,Class 4,14,94
3887,Student_1887,Class 4,85,91
3888,Student_1888,Class 8,60,67
3889,Student_1889,Class 5,34,50
3890,Student_1890,Class 6,73,70
3891,Student_1891,Class 9,20,89
3892,Student_1892,Class 8,20,89
3893,Student_1893,Class 1,17,73
3894,Student_1894,Class 10,35,79
3895,Student_1895,Class 7,84,74
3896,Student_1896,Class 8,83,66
3897,Student_1897,Class 11,16,94
3898,Student_1898,Class 11,51,58
3899,Student_1899,Class 10,24,89
3900,Student_1900,Class 3,56,76
3901,Student_1901,Class 2,84,60
3902,Student_1902,Class 12,13,87
3903,Student_1903,Class 12,93,53
3904,Student_1904,Class 10,6,67
3905,Student_1905,Class 7,51,62
3906,Student_1906,Class 11,79,82
3907,Student_1907,Class 11,86,62
3908,Student_1908,Class 9,93,65
3909,Student_1909,Class 3,19,92
3910,Student_1910,Class 9,22,73
3911,Student_1911,Class 9,34,95
3912,Student_1912,Class 5,83,50
3913,Student_1913,Class 9,55,68
3914,Student_1914,Class 3,53,62
3915,Student_1915,Class 5,86,69
3916,Student_1916,Class 12,12,90
3917,Student_1917,Class 10,7,81
3918,Student_1918,Class 5,82,58
3919,Student_1919,Class 7,5,77
3920,Student_1920,Class 5,13,86
3921,Student_1921,Class 1,45,84
3922,Student_1922,Class 7,17,51
3923,Student_1923,Class 11,75,79
3924,Student_1924,Class 12,14,90
3925,Student_1925,Class 8,13,59
3926,Student_1926,Class 6,48,77
3927,Student_1927,Class 11,49,67
3928,Student_1928,Class 2,52,89
3929,Student_1929,Class 10,62,89
3930,Student_1930,Class 2,32,99
3931,Student_1931,Class 4,84,82
3932,Student_1932,Class 3,81,95
3933,Student_1933,Class 9,80,65
3934,Student_1934,Class 12,62,50
3935,Student_1935,Class 10,18,69
3936,Student_1936,Class 2,25,56
3937,Student_1937,Class 9,81,74
3938,Student_1938,Class 5,53,74
3939,Student_1939,Class 2,32,88
3940,Student_1940,Class 5,8,62
3941,Student_1941,Class 4,81,97
3942,Student_1942,Class 12,17,90
3943,Student_1943,Class 6,80,63
3944,Student_1944,Class 6,92,88
3945,Student_1945,Class 3,90,75
3946,Student_1946,Class 7,39,71
3947,Student_1947,Class 9,74,69
3948,Student_1948,Class 11,38,77
3949,Student_1949,Class 12,77,76
3950,Student_1950,Class 10,47,90
3951,Student_1951,Class 4,95,67
3952,Student_1952,Class 8,88,58
3953,Student_1953,Class 4,94,87
3954,Student_1954,Class 1,66,59
3955,Student_1955,Class 3,32,73
3956,Student_1956,Class 11,89,73
3957,Student_1957,Class 1,17,60
3958,Student_1958,Class 7,52,80
3959,Student_1959,Class 9,30,65
3960,Student_1960,Class 3,58,90
3961,Student_1961,Class 12,49,90
3962,Student_1962,Class 12,11,80
3963,Student_1963,Class 11,31,68
3964,Student_1964,Class 5,83,68
3965,Student_1965,Class 9,48,76
3966,Student_1966,Class 4,91,53
3967,Student_1967,Class 2,22,91
3968,Student_1968,Class 9,73,91
3969,Student_1969,Class 1,15,58
3970,Student_1970,Class 11,20,92
3971,Student_1971,Class 3,95,63
3972,Student_1972,Class 6,63,53
3973,Student_1973,Class 6,5,97
3974,Student_1974,Class 7,45,88
3975,Student_1975,Class 9,74,65
3976,Student_1976,Class 6,24,75
3977,Student_1977,Class 8,38,51
3978,Student_1978,Class 8,92,58
3979,Student_1979,Class 1,81,91
3980,Student_1980,Class 1,57,85
3981,Student_1981,Class 7,39,88
3982,Student_1982,Class 5,37,93
3983,Student_1983,Class 1,62,80
3984,Student_1984,Class 1,85,74
3985,Student_1985,Class 7,87,93
3986,Student_1986,Class 6,85,77
3987,Student_1987,Class 3,82,97
3988,Student_1988,Class 9,12,62
3989,Student_1989,Class 8,2,57
3990,Student_1990,Class 5,68,61
3991,Student_1991,Class 7,1,54
3992,Student_1992,Class 2,85,69
3993,Student_1993,Class 11,75,50
3994,Student_1994,Class 11,50,78
3995,Student_1995,Class 10,15,88
3996,Student_1996,Class 2,3,70
3997,Student_1997,Class 11,89,57
3998,Student_1998,Class 3,95,65
3999,Student_1999,Class 4,56,56
